<?xml version="1.0" encoding="UTF-8"?>
<metadata xml:lang="en"><Esri><CreaDate>20141219</CreaDate><CreaTime>13100500</CreaTime><ArcGISFormat>1.0</ArcGISFormat><ArcGISstyle>FGDC CSDGM Metadata</ArcGISstyle><SyncOnce>FALSE</SyncOnce><DataProperties><itemProps><itemName Sync="TRUE">TOD_OV_328_BUFFERFIN</itemName><imsContentType Sync="TRUE">002</imsContentType><nativeExtBox><westBL Sync="TRUE">186936.107700</westBL><eastBL Sync="TRUE">272444.667926</eastBL><southBL Sync="TRUE">846696.139900</southBL><northBL Sync="TRUE">950736.986100</northBL><exTypeCode Sync="TRUE">1</exTypeCode></nativeExtBox><itemLocation><linkage Sync="TRUE">file://\\Data-001\Public\DataServices\Projects\Current_Projects\SustainableCommunitiesGrant\TOD_Study\Data\Dukakis_Merge\EXPORT\DM_Export_files.gdb</linkage><protocol Sync="TRUE">Local Area Network</protocol></itemLocation><itemSize Sync="TRUE">0.000</itemSize></itemProps><coordRef><type Sync="TRUE">Projected</type><geogcsn Sync="TRUE">GCS_North_American_1983</geogcsn><csUnits Sync="TRUE">Linear Unit: Meter (1.000000)</csUnits><projcsn Sync="TRUE">NAD_1983_StatePlane_Massachusetts_Mainland_FIPS_2001</projcsn><peXml Sync="TRUE">&lt;ProjectedCoordinateSystem xsi:type='typens:ProjectedCoordinateSystem' xmlns:xsi='http://www.w3.org/2001/XMLSchema-instance' xmlns:xs='http://www.w3.org/2001/XMLSchema' xmlns:typens='http://www.esri.com/schemas/ArcGIS/10.1'&gt;&lt;WKT&gt;PROJCS[&amp;quot;NAD_1983_StatePlane_Massachusetts_Mainland_FIPS_2001&amp;quot;,GEOGCS[&amp;quot;GCS_North_American_1983&amp;quot;,DATUM[&amp;quot;D_North_American_1983&amp;quot;,SPHEROID[&amp;quot;GRS_1980&amp;quot;,6378137.0,298.257222101]],PRIMEM[&amp;quot;Greenwich&amp;quot;,0.0],UNIT[&amp;quot;Degree&amp;quot;,0.0174532925199433]],PROJECTION[&amp;quot;Lambert_Conformal_Conic&amp;quot;],PARAMETER[&amp;quot;False_Easting&amp;quot;,200000.0],PARAMETER[&amp;quot;False_Northing&amp;quot;,750000.0],PARAMETER[&amp;quot;Central_Meridian&amp;quot;,-71.5],PARAMETER[&amp;quot;Standard_Parallel_1&amp;quot;,41.71666666666667],PARAMETER[&amp;quot;Standard_Parallel_2&amp;quot;,42.68333333333333],PARAMETER[&amp;quot;Latitude_Of_Origin&amp;quot;,41.0],UNIT[&amp;quot;Meter&amp;quot;,1.0],AUTHORITY[&amp;quot;EPSG&amp;quot;,26986]]&lt;/WKT&gt;&lt;XOrigin&gt;-36530900&lt;/XOrigin&gt;&lt;YOrigin&gt;-28803200&lt;/YOrigin&gt;&lt;XYScale&gt;122610652.81195112&lt;/XYScale&gt;&lt;ZOrigin&gt;-100000&lt;/ZOrigin&gt;&lt;ZScale&gt;10000&lt;/ZScale&gt;&lt;MOrigin&gt;-100000&lt;/MOrigin&gt;&lt;MScale&gt;10000&lt;/MScale&gt;&lt;XYTolerance&gt;0.001&lt;/XYTolerance&gt;&lt;ZTolerance&gt;0.001&lt;/ZTolerance&gt;&lt;MTolerance&gt;0.001&lt;/MTolerance&gt;&lt;HighPrecision&gt;true&lt;/HighPrecision&gt;&lt;WKID&gt;26986&lt;/WKID&gt;&lt;LatestWKID&gt;26986&lt;/LatestWKID&gt;&lt;/ProjectedCoordinateSystem&gt;</peXml></coordRef><lineage><Process ToolSource="c:\program files (x86)\arcgis\desktop10.1\ArcToolbox\Toolboxes\Data Management Tools.tbx\Merge" Date="20130605" Time="162556">Merge MAPC_Buffers\TOD_Stations_283_OvrlpBuffer;Working_Buffer\Fin_Nine_OV_BUFFER K:\DataServices\Projects\Current_Projects\SustainableCommunitiesGrant\TOD_Study\Data\Dukakis_Merge\ANALYSIS\Nine_Stations\Master_Buffer\TOD_OV_328_BUFFER.shp "station "station" true true false 40 Text 0 0 ,First,#,MAPC_Buffers\TOD_Stations_283_OvrlpBuffer,station,-1,-1;STN_ID "STN_ID" true true false 8 Double 0 0 ,First,#,MAPC_Buffers\TOD_Stations_283_OvrlpBuffer,STN_ID,-1,-1,Working_Buffer\Fin_Nine_OV_BUFFER,STN_ID,-1,-1;Shape_Leng "Shape_Length" false true true 8 Double 0 0 ,First,#,MAPC_Buffers\TOD_Stations_283_OvrlpBuffer,Shape_Length,-1,-1;Shape_Area "Shape_Area" false true true 8 Double 0 0 ,First,#,MAPC_Buffers\TOD_Stations_283_OvrlpBuffer,Shape_Area,-1,-1;Acre_Area "Acre_Area" true true false 8 Double 0 0 ,First,#,MAPC_Buffers\TOD_Stations_283_OvrlpBuffer,Acre_Area,-1,-1;AREA_MD "AREA_MD" true true false 19 Double 0 0 ,First,#,Working_Buffer\Fin_Nine_OV_BUFFER,AREA_MD,-1,-1"</Process><Process ToolSource="c:\program files (x86)\arcgis\desktop10.1\ArcToolbox\Toolboxes\Data Management Tools.tbx\Merge" Date="20130606" Time="115312">Merge Master_Buffers\TOD_OV_328_BUFFER;TOD_37_OVRLP_Buff_FINAL K:\DataServices\Projects\Current_Projects\SustainableCommunitiesGrant\TOD_Study\Data\Dukakis_Merge\ANALYSIS\Nine_Stations\Master_Buffer\TOD_OV_328_BUFFERFIN.shp "station "station" true true false 40 Text 0 0 ,First,#,Master_Buffers\TOD_OV_328_BUFFER,station,-1,-1,TOD_37_OVRLP_Buff_FINAL,station,-1,-1;STN_ID "STN_ID" true true false 19 Double 0 0 ,First,#,Master_Buffers\TOD_OV_328_BUFFER,STN_ID,-1,-1,TOD_37_OVRLP_Buff_FINAL,STN_ID,-1,-1;Shape_Leng "Shape_Leng" true true false 19 Double 0 0 ,First,#,Master_Buffers\TOD_OV_328_BUFFER,Shape_Leng,-1,-1;Shape_Area "Shape_Area" true true false 19 Double 0 0 ,First,#,Master_Buffers\TOD_OV_328_BUFFER,Shape_Area,-1,-1;Acre_Area "Acre_Area" true true false 19 Double 0 0 ,First,#,Master_Buffers\TOD_OV_328_BUFFER,Acre_Area,-1,-1;AREA_MD "AREA_MD" true true false 19 Double 0 0 ,First,#,Master_Buffers\TOD_OV_328_BUFFER,AREA_MD,-1,-1;AREA_AC "AREA_AC" true true false 19 Double 0 0 ,First,#,Master_Buffers\TOD_OV_328_BUFFER,AREA_AC,-1,-1;Join_Count "Join_Count" true true false 9 Long 0 9 ,First,#,TOD_37_OVRLP_Buff_FINAL,Join_Count,-1,-1;TARGET_FID "TARGET_FID" true true false 9 Long 0 9 ,First,#,TOD_37_OVRLP_Buff_FINAL,TARGET_FID,-1,-1;GREEN "GREEN" true true false 19 Double 0 0 ,First,#,TOD_37_OVRLP_Buff_FINAL,GREEN,-1,-1;BLUE "BLUE" true true false 19 Double 0 0 ,First,#,TOD_37_OVRLP_Buff_FINAL,BLUE,-1,-1;RED "RED" true true false 19 Double 0 0 ,First,#,TOD_37_OVRLP_Buff_FINAL,RED,-1,-1;ORANGE "ORANGE" true true false 19 Double 0 0 ,First,#,TOD_37_OVRLP_Buff_FINAL,ORANGE,-1,-1;SILVER "SILVER" true true false 19 Double 0 0 ,First,#,TOD_37_OVRLP_Buff_FINAL,SILVER,-1,-1;COMRAIL "COMRAIL" true true false 19 Double 0 0 ,First,#,TOD_37_OVRLP_Buff_FINAL,COMRAIL,-1,-1;AMTRAK_1 "AMTRAK_1" true true false 19 Double 0 0 ,First,#,TOD_37_OVRLP_Buff_FINAL,AMTRAK_1,-1,-1;TAZ "TAZ" true true false 9 Long 0 9 ,First,#,TOD_37_OVRLP_Buff_FINAL,TAZ,-1,-1;TAZ_SG_Y_N "TAZ_SG_Y_N" true true false 9 Long 0 9 ,First,#,TOD_37_OVRLP_Buff_FINAL,TAZ_SG_Y_N,-1,-1;town "town" true true false 21 Text 0 0 ,First,#,TOD_37_OVRLP_Buff_FINAL,town,-1,-1;town_id "town_id" true true false 4 Short 0 4 ,First,#,TOD_37_OVRLP_Buff_FINAL,town_id,-1,-1;COMTYPE "COMTYPE" true true false 19 Double 0 0 ,First,#,TOD_37_OVRLP_Buff_FINAL,COMTYPE,-1,-1;SUBCOMTYPE "SUBCOMTYPE" true true false 19 Double 0 0 ,First,#,TOD_37_OVRLP_Buff_FINAL,SUBCOMTYPE,-1,-1;COMTYP_des "COMTYP_des" true true false 50 Text 0 0 ,First,#,TOD_37_OVRLP_Buff_FINAL,COMTYP_des,-1,-1;SUBCOM_des "SUBCOM_des" true true false 50 Text 0 0 ,First,#,TOD_37_OVRLP_Buff_FINAL,SUBCOM_des,-1,-1;P_GR_1M "P_GR_1M" true true false 19 Double 0 0 ,First,#,TOD_37_OVRLP_Buff_FINAL,P_GR_1M,-1,-1;HH_GR_1M "HH_GR_1M" true true false 19 Double 0 0 ,First,#,TOD_37_OVRLP_Buff_FINAL,HH_GR_1M,-1,-1;HH_GR_025M "HH_GR_025M" true true false 19 Double 0 0 ,First,#,TOD_37_OVRLP_Buff_FINAL,HH_GR_025M,-1,-1;P_GR_025M "P_GR_025M" true true false 19 Double 0 0 ,First,#,TOD_37_OVRLP_Buff_FINAL,P_GR_025M,-1,-1;BUSI_1M "BUSI_1M" true true false 19 Double 0 0 ,First,#,TOD_37_OVRLP_Buff_FINAL,BUSI_1M,-1,-1;EMP_1M "EMP_1M" true true false 19 Double 0 0 ,First,#,TOD_37_OVRLP_Buff_FINAL,EMP_1M,-1,-1;BUSI_025M "BUSI_025M" true true false 19 Double 0 0 ,First,#,TOD_37_OVRLP_Buff_FINAL,BUSI_025M,-1,-1;EMP_025M "EMP_025M" true true false 19 Double 0 0 ,First,#,TOD_37_OVRLP_Buff_FINAL,EMP_025M,-1,-1;SUBWAY "SUBWAY" true true false 19 Double 0 0 ,First,#,TOD_37_OVRLP_Buff_FINAL,SUBWAY,-1,-1;RES_HD_025 "RES_HD_025" true true false 19 Double 0 0 ,First,#,TOD_37_OVRLP_Buff_FINAL,RES_HD_025,-1,-1;RES_LD_025 "RES_LD_025" true true false 19 Double 0 0 ,First,#,TOD_37_OVRLP_Buff_FINAL,RES_LD_025,-1,-1;COMM_025 "COMM_025" true true false 19 Double 0 0 ,First,#,TOD_37_OVRLP_Buff_FINAL,COMM_025,-1,-1;OTHDEV_025 "OTHDEV_025" true true false 19 Double 0 0 ,First,#,TOD_37_OVRLP_Buff_FINAL,OTHDEV_025,-1,-1;VACDEV_025 "VACDEV_025" true true false 19 Double 0 0 ,First,#,TOD_37_OVRLP_Buff_FINAL,VACDEV_025,-1,-1;VACUN_025 "VACUN_025" true true false 19 Double 0 0 ,First,#,TOD_37_OVRLP_Buff_FINAL,VACUN_025,-1,-1;HHDEN_025 "HHDEN_025" true true false 19 Double 0 0 ,First,#,TOD_37_OVRLP_Buff_FINAL,HHDEN_025,-1,-1;POPDEN_025 "POPDEN_025" true true false 19 Double 0 0 ,First,#,TOD_37_OVRLP_Buff_FINAL,POPDEN_025,-1,-1;EMPDEN_025 "EMPDEN_025" true true false 19 Double 0 0 ,First,#,TOD_37_OVRLP_Buff_FINAL,EMPDEN_025,-1,-1;HHDEN_05 "HHDEN_05" true true false 19 Double 0 0 ,First,#,TOD_37_OVRLP_Buff_FINAL,HHDEN_05,-1,-1;POPDEN_05 "POPDEN_05" true true false 19 Double 0 0 ,First,#,TOD_37_OVRLP_Buff_FINAL,POPDEN_05,-1,-1;EMPDEN_05 "EMPDEN_05" true true false 19 Double 0 0 ,First,#,TOD_37_OVRLP_Buff_FINAL,EMPDEN_05,-1,-1;Stn_Class "Stn_Class" true true false 254 Text 0 0 ,First,#,TOD_37_OVRLP_Buff_FINAL,Stn_Class,-1,-1;VMT_05ovlp "VMT_05ovlp" true true false 19 Double 0 0 ,First,#,TOD_37_OVRLP_Buff_FINAL,VMT_05ovlp,-1,-1;HH00 "HH00" true true false 19 Double 0 0 ,First,#,TOD_37_OVRLP_Buff_FINAL,HH00,-1,-1;HHVMT_day "HHVMT_day" true true false 19 Double 0 0 ,First,#,TOD_37_OVRLP_Buff_FINAL,HHVMT_day,-1,-1;HHInc "HHInc" true true false 19 Double 0 0 ,First,#,TOD_37_OVRLP_Buff_FINAL,HHInc,-1,-1;OV_EMP_10 "OV_EMP_10" true true false 19 Double 0 0 ,First,#,TOD_37_OVRLP_Buff_FINAL,OV_EMP_10,-1,-1;OV_POP_10 "OV_POP_10" true true false 19 Double 0 0 ,First,#,TOD_37_OVRLP_Buff_FINAL,OV_POP_10,-1,-1;Intensity "Intensity" true true false 19 Double 0 0 ,First,#,TOD_37_OVRLP_Buff_FINAL,Intensity,-1,-1;Mix "Mix" true true false 19 Double 0 0 ,First,#,TOD_37_OVRLP_Buff_FINAL,Mix,-1,-1;EX_HU_00 "EX_HU_00" true true false 19 Double 0 0 ,First,#,TOD_37_OVRLP_Buff_FINAL,EX_HU_00,-1,-1;EX_POP_00 "EX_POP_00" true true false 19 Double 0 0 ,First,#,TOD_37_OVRLP_Buff_FINAL,EX_POP_00,-1,-1;EX_HU_10 "EX_HU_10" true true false 19 Double 0 0 ,First,#,TOD_37_OVRLP_Buff_FINAL,EX_HU_10,-1,-1;EX_POP_10 "EX_POP_10" true true false 19 Double 0 0 ,First,#,TOD_37_OVRLP_Buff_FINAL,EX_POP_10,-1,-1;POP_0010 "POP_0010" true true false 19 Double 0 0 ,First,#,TOD_37_OVRLP_Buff_FINAL,POP_0010,-1,-1;HU_0010 "HU_0010" true true false 19 Double 0 0 ,First,#,TOD_37_OVRLP_Buff_FINAL,HU_0010,-1,-1;Comm_pct "Comm_pct" true true false 19 Double 0 0 ,First,#,TOD_37_OVRLP_Buff_FINAL,Comm_pct,-1,-1;PrkCom_Pct "PrkCom_Pct" true true false 19 Double 0 0 ,First,#,TOD_37_OVRLP_Buff_FINAL,PrkCom_Pct,-1,-1;Res_HD_pct "Res_HD_pct" true true false 19 Double 0 0 ,First,#,TOD_37_OVRLP_Buff_FINAL,Res_HD_pct,-1,-1;PrkResHD_P "PrkResHD_P" true true false 19 Double 0 0 ,First,#,TOD_37_OVRLP_Buff_FINAL,PrkResHD_P,-1,-1;Res_LD_pct "Res_LD_pct" true true false 19 Double 0 0 ,First,#,TOD_37_OVRLP_Buff_FINAL,Res_LD_pct,-1,-1;Dev_Oth_pc "Dev_Oth_pc" true true false 19 Double 0 0 ,First,#,TOD_37_OVRLP_Buff_FINAL,Dev_Oth_pc,-1,-1;Prk_DevOth "Prk_DevOth" true true false 19 Double 0 0 ,First,#,TOD_37_OVRLP_Buff_FINAL,Prk_DevOth,-1,-1;Vac_Dev_pc "Vac_Dev_pc" true true false 19 Double 0 0 ,First,#,TOD_37_OVRLP_Buff_FINAL,Vac_Dev_pc,-1,-1;Vac_Undev_ "Vac_Undev_" true true false 19 Double 0 0 ,First,#,TOD_37_OVRLP_Buff_FINAL,Vac_Undev_,-1,-1;ResPct "ResPct" true true false 19 Double 0 0 ,First,#,TOD_37_OVRLP_Buff_FINAL,ResPct,-1,-1;VacPct "VacPct" true true false 19 Double 0 0 ,First,#,TOD_37_OVRLP_Buff_FINAL,VacPct,-1,-1;PrkAll_Pct "PrkAll_Pct" true true false 19 Double 0 0 ,First,#,TOD_37_OVRLP_Buff_FINAL,PrkAll_Pct,-1,-1;Comm "Comm" true true false 19 Double 0 0 ,First,#,TOD_37_OVRLP_Buff_FINAL,Comm,-1,-1;Res_HD "Res_HD" true true false 19 Double 0 0 ,First,#,TOD_37_OVRLP_Buff_FINAL,Res_HD,-1,-1;Res_LD "Res_LD" true true false 19 Double 0 0 ,First,#,TOD_37_OVRLP_Buff_FINAL,Res_LD,-1,-1;Dev_Oth "Dev_Oth" true true false 19 Double 0 0 ,First,#,TOD_37_OVRLP_Buff_FINAL,Dev_Oth,-1,-1;Vac_Dev "Vac_Dev" true true false 19 Double 0 0 ,First,#,TOD_37_OVRLP_Buff_FINAL,Vac_Dev,-1,-1;Vac_Undev "Vac_Undev" true true false 19 Double 0 0 ,First,#,TOD_37_OVRLP_Buff_FINAL,Vac_Undev,-1,-1;SepBuf_Ac "SepBuf_Ac" true true false 19 Double 0 0 ,First,#,TOD_37_OVRLP_Buff_FINAL,SepBuf_Ac,-1,-1;BlFP_Av "BlFP_Av" true true false 19 Double 0 0 ,First,#,TOD_37_OVRLP_Buff_FINAL,BlFP_Av,-1,-1;Park_Comm "Park_Comm" true true false 19 Double 0 0 ,First,#,TOD_37_OVRLP_Buff_FINAL,Park_Comm,-1,-1;Park_DvOth "Park_DvOth" true true false 19 Double 0 0 ,First,#,TOD_37_OVRLP_Buff_FINAL,Park_DvOth,-1,-1;Park_ResHD "Park_ResHD" true true false 19 Double 0 0 ,First,#,TOD_37_OVRLP_Buff_FINAL,Park_ResHD,-1,-1;Park_ResLD "Park_ResLD" true true false 19 Double 0 0 ,First,#,TOD_37_OVRLP_Buff_FINAL,Park_ResLD,-1,-1;Park_VacDv "Park_VacDv" true true false 19 Double 0 0 ,First,#,TOD_37_OVRLP_Buff_FINAL,Park_VacDv,-1,-1;Park_VacUn "Park_VacUn" true true false 19 Double 0 0 ,First,#,TOD_37_OVRLP_Buff_FINAL,Park_VacUn,-1,-1;TOTPrk_Exc "TOTPrk_Exc" true true false 19 Double 0 0 ,First,#,TOD_37_OVRLP_Buff_FINAL,TOTPrk_Exc,-1,-1;Res_Com_Ra "Res_Com_Ra" true true false 19 Double 0 0 ,First,#,TOD_37_OVRLP_Buff_FINAL,Res_Com_Ra,-1,-1;MAPC "MAPC" true true false 4 Short 0 4 ,First,#,TOD_37_OVRLP_Buff_FINAL,MAPC,-1,-1;TOT_1 "TOT_1" true true false 19 Double 0 0 ,First,#,TOD_37_OVRLP_Buff_FINAL,TOT_1,-1,-1;CAR_1 "CAR_1" true true false 19 Double 0 0 ,First,#,TOD_37_OVRLP_Buff_FINAL,CAR_1,-1,-1;TRANSIT_1 "TRANSIT_1" true true false 19 Double 0 0 ,First,#,TOD_37_OVRLP_Buff_FINAL,TRANSIT_1,-1,-1;BIKE_1 "BIKE_1" true true false 19 Double 0 0 ,First,#,TOD_37_OVRLP_Buff_FINAL,BIKE_1,-1,-1;WALK_1 "WALK_1" true true false 19 Double 0 0 ,First,#,TOD_37_OVRLP_Buff_FINAL,WALK_1,-1,-1;PCT_CAR "PCT_CAR" true true false 19 Double 0 0 ,First,#,TOD_37_OVRLP_Buff_FINAL,PCT_CAR,-1,-1;PCT_TRAN "PCT_TRAN" true true false 19 Double 0 0 ,First,#,TOD_37_OVRLP_Buff_FINAL,PCT_TRAN,-1,-1;PCT_BIKE "PCT_BIKE" true true false 19 Double 0 0 ,First,#,TOD_37_OVRLP_Buff_FINAL,PCT_BIKE,-1,-1;PCT_WALK "PCT_WALK" true true false 19 Double 0 0 ,First,#,TOD_37_OVRLP_Buff_FINAL,PCT_WALK,-1,-1;SUBWAY_Brd "SUBWAY_Brd" true true false 19 Double 0 0 ,First,#,TOD_37_OVRLP_Buff_FINAL,SUBWAY_Brd,-1,-1;CR_Brd "CR_Brd" true true false 19 Double 0 0 ,First,#,TOD_37_OVRLP_Buff_FINAL,CR_Brd,-1,-1;Total_Brd "Total_Brd" true true false 19 Double 0 0 ,First,#,TOD_37_OVRLP_Buff_FINAL,Total_Brd,-1,-1;Walkscore "Walkscore" true true false 19 Double 0 0 ,First,#,TOD_37_OVRLP_Buff_FINAL,Walkscore,-1,-1;WLK_Cat "WLK_Cat" true true false 50 Text 0 0 ,First,#,TOD_37_OVRLP_Buff_FINAL,WLK_Cat,-1,-1;NEAR_FID "NEAR_FID" true true false 9 Long 0 9 ,First,#,TOD_37_OVRLP_Buff_FINAL,NEAR_FID,-1,-1;NEAR_DIST "NEAR_DIST" true true false 19 Double 0 0 ,First,#,TOD_37_OVRLP_Buff_FINAL,NEAR_DIST,-1,-1;BUS "BUS" true true false 4 Short 0 4 ,First,#,TOD_37_OVRLP_Buff_FINAL,BUS,-1,-1;Buffer "Buffer" true true false 254 Text 0 0 ,First,#,TOD_37_OVRLP_Buff_FINAL,Buffer,-1,-1;Agency "Agency" true true false 254 Text 0 0 ,First,#,TOD_37_OVRLP_Buff_FINAL,Agency,-1,-1;Lines "Lines" true true false 254 Text 0 0 ,First,#,TOD_37_OVRLP_Buff_FINAL,Lines,-1,-1;Station_Na "Station_Na" true true false 254 Text 0 0 ,First,#,TOD_37_OVRLP_Buff_FINAL,Station_Na,-1,-1;Year_Opene "Year_Opene" true true false 254 Text 0 0 ,First,#,TOD_37_OVRLP_Buff_FINAL,Year_Opene,-1,-1;Latitude "Latitude" true true false 19 Double 6 18 ,First,#,TOD_37_OVRLP_Buff_FINAL,Latitude,-1,-1;Longitude "Longitude" true true false 19 Double 6 18 ,First,#,TOD_37_OVRLP_Buff_FINAL,Longitude,-1,-1;FERRY "FERRY" true true false 4 Short 0 4 ,First,#,TOD_37_OVRLP_Buff_FINAL,FERRY,-1,-1;FID_ "FID_" true true false 19 Double 6 18 ,First,#,TOD_37_OVRLP_Buff_FINAL,FID_,-1,-1;LINE "LINE" true true false 254 Text 0 0 ,First,#,TOD_37_OVRLP_Buff_FINAL,LINE,-1,-1;STAT_NAM "STAT_NAM" true true false 254 Text 0 0 ,First,#,TOD_37_OVRLP_Buff_FINAL,STAT_NAM,-1,-1;Latitude_1 "Latitude_1" true true false 19 Double 6 18 ,First,#,TOD_37_OVRLP_Buff_FINAL,Latitude_1,-1,-1;Longitude_ "Longitude_" true true false 19 Double 6 18 ,First,#,TOD_37_OVRLP_Buff_FINAL,Longitude_,-1,-1;HH_ACRE "HH_ACRE" true true false 19 Double 6 18 ,First,#,TOD_37_OVRLP_Buff_FINAL,HH_ACRE,-1,-1;RTHTCI "RTHTCI" true true false 19 Double 6 18 ,First,#,TOD_37_OVRLP_Buff_FINAL,RTHTCI,-1,-1;PER25K_LES "PER25K_LES" true true false 19 Double 6 18 ,First,#,TOD_37_OVRLP_Buff_FINAL,PER25K_LES,-1,-1;P_PUBTRANS "P_PUBTRANS" true true false 19 Double 6 18 ,First,#,TOD_37_OVRLP_Buff_FINAL,P_PUBTRANS,-1,-1;P_PUB_BK_W "P_PUB_BK_W" true true false 19 Double 6 18 ,First,#,TOD_37_OVRLP_Buff_FINAL,P_PUB_BK_W,-1,-1;P_RENTOCC "P_RENTOCC" true true false 19 Double 6 18 ,First,#,TOD_37_OVRLP_Buff_FINAL,P_RENTOCC,-1,-1;TAS "TAS" true true false 19 Double 6 18 ,First,#,TOD_37_OVRLP_Buff_FINAL,TAS,-1,-1;TCI "TCI" true true false 19 Double 6 18 ,First,#,TOD_37_OVRLP_Buff_FINAL,TCI,-1,-1;COM_SCORE "COM_SCORE" true true false 19 Double 6 18 ,First,#,TOD_37_OVRLP_Buff_FINAL,COM_SCORE,-1,-1;SIMPS_RACE "SIMPS_RACE" true true false 19 Double 6 18 ,First,#,TOD_37_OVRLP_Buff_FINAL,SIMPS_RACE,-1,-1;P_HH_NOCAR "P_HH_NOCAR" true true false 19 Double 6 18 ,First,#,TOD_37_OVRLP_Buff_FINAL,P_HH_NOCAR,-1,-1;WALKSCORE_ "WALKSCORE_" true true false 19 Double 6 18 ,First,#,TOD_37_OVRLP_Buff_FINAL,WALKSCORE_,-1,-1;EMP_GRAV "EMP_GRAV" true true false 19 Double 6 18 ,First,#,TOD_37_OVRLP_Buff_FINAL,EMP_GRAV,-1,-1;SIMPS_INCO "SIMPS_INCO" true true false 19 Double 6 18 ,First,#,TOD_37_OVRLP_Buff_FINAL,SIMPS_INCO,-1,-1;ID_OOI2 "ID_OOI2" true true false 19 Double 6 18 ,First,#,TOD_37_OVRLP_Buff_FINAL,ID_OOI2,-1,-1;LINE2 "LINE2" true true false 254 Text 0 0 ,First,#,TOD_37_OVRLP_Buff_FINAL,LINE2,-1,-1;STAT_NAM2 "STAT_NAM2" true true false 254 Text 0 0 ,First,#,TOD_37_OVRLP_Buff_FINAL,STAT_NAM2,-1,-1;Latitude2 "Latitude2" true true false 19 Double 6 18 ,First,#,TOD_37_OVRLP_Buff_FINAL,Latitude2,-1,-1;Longitude2 "Longitude2" true true false 19 Double 6 18 ,First,#,TOD_37_OVRLP_Buff_FINAL,Longitude2,-1,-1;HH_ACRE2 "HH_ACRE2" true true false 19 Double 6 18 ,First,#,TOD_37_OVRLP_Buff_FINAL,HH_ACRE2,-1,-1;RTHTCI2 "RTHTCI2" true true false 19 Double 6 18 ,First,#,TOD_37_OVRLP_Buff_FINAL,RTHTCI2,-1,-1;PER25K_L_1 "PER25K_L_1" true true false 19 Double 6 18 ,First,#,TOD_37_OVRLP_Buff_FINAL,PER25K_L_1,-1,-1;P_PUBTRA_1 "P_PUBTRA_1" true true false 19 Double 6 18 ,First,#,TOD_37_OVRLP_Buff_FINAL,P_PUBTRA_1,-1,-1;P_PUB_BK_1 "P_PUB_BK_1" true true false 19 Double 6 18 ,First,#,TOD_37_OVRLP_Buff_FINAL,P_PUB_BK_1,-1,-1;P_RENTOCC2 "P_RENTOCC2" true true false 19 Double 6 18 ,First,#,TOD_37_OVRLP_Buff_FINAL,P_RENTOCC2,-1,-1;TAS2 "TAS2" true true false 254 Text 0 0 ,First,#,TOD_37_OVRLP_Buff_FINAL,TAS2,-1,-1;TCI2 "TCI2" true true false 254 Text 0 0 ,First,#,TOD_37_OVRLP_Buff_FINAL,TCI2,-1,-1;COM_SCORE2 "COM_SCORE2" true true false 254 Text 0 0 ,First,#,TOD_37_OVRLP_Buff_FINAL,COM_SCORE2,-1,-1;SIMPS_RA_1 "SIMPS_RA_1" true true false 19 Double 6 18 ,First,#,TOD_37_OVRLP_Buff_FINAL,SIMPS_RA_1,-1,-1;P_HH_NOC_1 "P_HH_NOC_1" true true false 19 Double 6 18 ,First,#,TOD_37_OVRLP_Buff_FINAL,P_HH_NOC_1,-1,-1;WALKSCORE2 "WALKSCORE2" true true false 19 Double 6 18 ,First,#,TOD_37_OVRLP_Buff_FINAL,WALKSCORE2,-1,-1;EMP_GRAV2 "EMP_GRAV2" true true false 19 Double 6 18 ,First,#,TOD_37_OVRLP_Buff_FINAL,EMP_GRAV2,-1,-1;SIMPS_IN_1 "SIMPS_IN_1" true true false 19 Double 6 18 ,First,#,TOD_37_OVRLP_Buff_FINAL,SIMPS_IN_1,-1,-1;ID_OOI3 "ID_OOI3" true true false 19 Double 6 18 ,First,#,TOD_37_OVRLP_Buff_FINAL,ID_OOI3,-1,-1;LINE3 "LINE3" true true false 254 Text 0 0 ,First,#,TOD_37_OVRLP_Buff_FINAL,LINE3,-1,-1;STAT_NAM3 "STAT_NAM3" true true false 254 Text 0 0 ,First,#,TOD_37_OVRLP_Buff_FINAL,STAT_NAM3,-1,-1;Latitude3 "Latitude3" true true false 19 Double 6 18 ,First,#,TOD_37_OVRLP_Buff_FINAL,Latitude3,-1,-1;Longitude3 "Longitude3" true true false 19 Double 6 18 ,First,#,TOD_37_OVRLP_Buff_FINAL,Longitude3,-1,-1;HH_ACRE3 "HH_ACRE3" true true false 19 Double 6 18 ,First,#,TOD_37_OVRLP_Buff_FINAL,HH_ACRE3,-1,-1;RTHTCI3 "RTHTCI3" true true false 19 Double 6 18 ,First,#,TOD_37_OVRLP_Buff_FINAL,RTHTCI3,-1,-1;PER25K_L_2 "PER25K_L_2" true true false 19 Double 6 18 ,First,#,TOD_37_OVRLP_Buff_FINAL,PER25K_L_2,-1,-1;P_PUBTRA_2 "P_PUBTRA_2" true true false 19 Double 6 18 ,First,#,TOD_37_OVRLP_Buff_FINAL,P_PUBTRA_2,-1,-1;P_PUB_BK_2 "P_PUB_BK_2" true true false 19 Double 6 18 ,First,#,TOD_37_OVRLP_Buff_FINAL,P_PUB_BK_2,-1,-1;P_RENTOCC3 "P_RENTOCC3" true true false 19 Double 6 18 ,First,#,TOD_37_OVRLP_Buff_FINAL,P_RENTOCC3,-1,-1;TAS3 "TAS3" true true false 254 Text 0 0 ,First,#,TOD_37_OVRLP_Buff_FINAL,TAS3,-1,-1;TCI3 "TCI3" true true false 254 Text 0 0 ,First,#,TOD_37_OVRLP_Buff_FINAL,TCI3,-1,-1;COM_SCORE3 "COM_SCORE3" true true false 254 Text 0 0 ,First,#,TOD_37_OVRLP_Buff_FINAL,COM_SCORE3,-1,-1;SIMPS_RA_2 "SIMPS_RA_2" true true false 19 Double 6 18 ,First,#,TOD_37_OVRLP_Buff_FINAL,SIMPS_RA_2,-1,-1;P_HH_NOC_2 "P_HH_NOC_2" true true false 19 Double 6 18 ,First,#,TOD_37_OVRLP_Buff_FINAL,P_HH_NOC_2,-1,-1;WALKSCORE3 "WALKSCORE3" true true false 19 Double 6 18 ,First,#,TOD_37_OVRLP_Buff_FINAL,WALKSCORE3,-1,-1;EMP_GRAV3 "EMP_GRAV3" true true false 19 Double 6 18 ,First,#,TOD_37_OVRLP_Buff_FINAL,EMP_GRAV3,-1,-1;SIMPS_IN_2 "SIMPS_IN_2" true true false 19 Double 6 18 ,First,#,TOD_37_OVRLP_Buff_FINAL,SIMPS_IN_2,-1,-1;ID_OOI4 "ID_OOI4" true true false 19 Double 6 18 ,First,#,TOD_37_OVRLP_Buff_FINAL,ID_OOI4,-1,-1;LINE4 "LINE4" true true false 254 Text 0 0 ,First,#,TOD_37_OVRLP_Buff_FINAL,LINE4,-1,-1;STAT_NAM4 "STAT_NAM4" true true false 254 Text 0 0 ,First,#,TOD_37_OVRLP_Buff_FINAL,STAT_NAM4,-1,-1;Latitude4 "Latitude4" true true false 19 Double 6 18 ,First,#,TOD_37_OVRLP_Buff_FINAL,Latitude4,-1,-1;Longitude4 "Longitude4" true true false 19 Double 6 18 ,First,#,TOD_37_OVRLP_Buff_FINAL,Longitude4,-1,-1;HH_ACRE4 "HH_ACRE4" true true false 19 Double 6 18 ,First,#,TOD_37_OVRLP_Buff_FINAL,HH_ACRE4,-1,-1;RTHTCI4 "RTHTCI4" true true false 19 Double 6 18 ,First,#,TOD_37_OVRLP_Buff_FINAL,RTHTCI4,-1,-1;PER25K_L_3 "PER25K_L_3" true true false 19 Double 6 18 ,First,#,TOD_37_OVRLP_Buff_FINAL,PER25K_L_3,-1,-1;P_PUBTRA_3 "P_PUBTRA_3" true true false 19 Double 6 18 ,First,#,TOD_37_OVRLP_Buff_FINAL,P_PUBTRA_3,-1,-1;P_PUB_BK_3 "P_PUB_BK_3" true true false 19 Double 6 18 ,First,#,TOD_37_OVRLP_Buff_FINAL,P_PUB_BK_3,-1,-1;P_RENTOCC4 "P_RENTOCC4" true true false 19 Double 6 18 ,First,#,TOD_37_OVRLP_Buff_FINAL,P_RENTOCC4,-1,-1;TAS4 "TAS4" true true false 19 Double 6 18 ,First,#,TOD_37_OVRLP_Buff_FINAL,TAS4,-1,-1;TCI4 "TCI4" true true false 19 Double 6 18 ,First,#,TOD_37_OVRLP_Buff_FINAL,TCI4,-1,-1;COM_SCORE4 "COM_SCORE4" true true false 19 Double 6 18 ,First,#,TOD_37_OVRLP_Buff_FINAL,COM_SCORE4,-1,-1;SIMPS_RA_3 "SIMPS_RA_3" true true false 19 Double 6 18 ,First,#,TOD_37_OVRLP_Buff_FINAL,SIMPS_RA_3,-1,-1;P_HH_NOC_3 "P_HH_NOC_3" true true false 19 Double 6 18 ,First,#,TOD_37_OVRLP_Buff_FINAL,P_HH_NOC_3,-1,-1;WALKSCORE4 "WALKSCORE4" true true false 19 Double 6 18 ,First,#,TOD_37_OVRLP_Buff_FINAL,WALKSCORE4,-1,-1;EMP_GRAV4 "EMP_GRAV4" true true false 19 Double 6 18 ,First,#,TOD_37_OVRLP_Buff_FINAL,EMP_GRAV4,-1,-1;SIMPS_IN_3 "SIMPS_IN_3" true true false 19 Double 6 18 ,First,#,TOD_37_OVRLP_Buff_FINAL,SIMPS_IN_3,-1,-1;BUFF_DIST "BUFF_DIST" true true false 19 Double 0 0 ,First,#,TOD_37_OVRLP_Buff_FINAL,BUFF_DIST,-1,-1;ORIG_FID "ORIG_FID" true true false 9 Long 0 9 ,First,#,TOD_37_OVRLP_Buff_FINAL,ORIG_FID,-1,-1;OV_AREA "OV_AREA" true true false 19 Double 0 0 ,First,#,TOD_37_OVRLP_Buff_FINAL,OV_AREA,-1,-1;BOSTON "BOSTON" true true false 4 Short 0 4 ,First,#,TOD_37_OVRLP_Buff_FINAL,BOSTON,-1,-1"</Process></lineage></DataProperties><SyncDate>20130606</SyncDate><SyncTime>11531000</SyncTime><ModDate>20130606</ModDate><ModTime>11531000</ModTime></Esri><dataIdInfo><envirDesc Sync="TRUE">Microsoft Windows 7 Version 6.1 (Build 7601) Service Pack 1; Esri ArcGIS 10.1.1.3143</envirDesc><dataLang><languageCode value="eng" Sync="TRUE"></languageCode><countryCode value="USA" Sync="TRUE"></countryCode></dataLang><idCitation><resTitle Sync="TRUE">TOD_OV_328_BUFFERFIN</resTitle><presForm><PresFormCd value="005" Sync="TRUE"></PresFormCd></presForm></idCitation><spatRpType><SpatRepTypCd value="001" Sync="TRUE"></SpatRepTypCd></spatRpType><dataExt><geoEle><GeoBndBox esriExtentType="search"><exTypeCode Sync="TRUE">1</exTypeCode><westBL Sync="TRUE">-71.659711</westBL><eastBL Sync="TRUE">-70.614369</eastBL><northBL Sync="TRUE">42.807244</northBL><southBL Sync="TRUE">41.867257</southBL></GeoBndBox></geoEle></dataExt></dataIdInfo><mdLang><languageCode value="eng" Sync="TRUE"></languageCode><countryCode value="USA" Sync="TRUE"></countryCode></mdLang><mdChar><CharSetCd value="004" Sync="TRUE"></CharSetCd></mdChar><distInfo><distFormat><formatName Sync="TRUE">Shapefile</formatName></distFormat><distTranOps><transSize Sync="TRUE">0.000</transSize></distTranOps></distInfo><mdHrLv><ScopeCd value="005" Sync="TRUE"></ScopeCd></mdHrLv><mdHrLvName Sync="TRUE">dataset</mdHrLvName><refSysInfo><RefSystem><refSysID><identCode code="26986" Sync="TRUE" value="26986"></identCode><idCodeSpace Sync="TRUE">EPSG</idCodeSpace><idVersion Sync="TRUE">7.11.2</idVersion></refSysID></RefSystem></refSysInfo><spatRepInfo><VectSpatRep><geometObjs Name="TOD_OV_328_BUFFERFIN"><geoObjTyp><GeoObjTypCd value="002" Sync="TRUE"></GeoObjTypCd></geoObjTyp><geoObjCnt Sync="TRUE">0</geoObjCnt></geometObjs><topLvl><TopoLevCd value="001" Sync="TRUE"></TopoLevCd></topLvl></VectSpatRep></spatRepInfo><spdoinfo><ptvctinf><esriterm Name="TOD_OV_328_BUFFERFIN"><efeatyp Sync="TRUE">Simple</efeatyp><efeageom code="4" Sync="TRUE"></efeageom><esritopo Sync="TRUE">FALSE</esritopo><efeacnt Sync="TRUE">0</efeacnt><spindex Sync="TRUE">FALSE</spindex><linrefer Sync="TRUE">FALSE</linrefer></esriterm></ptvctinf></spdoinfo><eainfo><detailed Name="TOD_OV_328_BUFFERFIN"><enttyp><enttypl Sync="TRUE">TOD_OV_328_BUFFERFIN</enttypl><enttypt Sync="TRUE">Feature Class</enttypt><enttypc Sync="TRUE">0</enttypc></enttyp><attr><attrlabl Sync="TRUE">FID</attrlabl><attalias Sync="TRUE">FID</attalias><attrtype Sync="TRUE">OID</attrtype><attwidth Sync="TRUE">4</attwidth><atprecis Sync="TRUE">0</atprecis><attscale Sync="TRUE">0</attscale><attrdef Sync="TRUE">Internal feature number.</attrdef><attrdefs Sync="TRUE">Esri</attrdefs><attrdomv><udom Sync="TRUE">Sequential unique whole numbers that are automatically generated.</udom></attrdomv></attr><attr><attrlabl Sync="TRUE">Shape</attrlabl><attalias Sync="TRUE">Shape</attalias><attrtype Sync="TRUE">Geometry</attrtype><attwidth Sync="TRUE">0</attwidth><atprecis Sync="TRUE">0</atprecis><attscale Sync="TRUE">0</attscale><attrdef Sync="TRUE">Feature geometry.</attrdef><attrdefs Sync="TRUE">ESRI</attrdefs><attrdomv><udom Sync="TRUE">Coordinates defining the features.</udom></attrdomv></attr><attr><attrlabl Sync="TRUE">station</attrlabl><attalias Sync="TRUE">station</attalias><attrtype Sync="TRUE">String</attrtype><attwidth Sync="TRUE">40</attwidth><atprecis Sync="TRUE">0</atprecis><attscale Sync="TRUE">0</attscale></attr><attr><attrlabl Sync="TRUE">STN_ID</attrlabl><attalias Sync="TRUE">STN_ID</attalias><attrtype Sync="TRUE">Double</attrtype><attwidth Sync="TRUE">19</attwidth><atprecis Sync="TRUE">0</atprecis><attscale Sync="TRUE">0</attscale></attr><attr><attrlabl Sync="TRUE">Shape_Leng</attrlabl><attalias Sync="TRUE">Shape_Leng</attalias><attrtype Sync="TRUE">Double</attrtype><attwidth Sync="TRUE">19</attwidth><atprecis Sync="TRUE">0</atprecis><attscale Sync="TRUE">0</attscale></attr><attr><attrlabl Sync="TRUE">Shape_Area</attrlabl><attalias Sync="TRUE">Shape_Area</attalias><attrtype Sync="TRUE">Double</attrtype><attwidth Sync="TRUE">19</attwidth><atprecis Sync="TRUE">0</atprecis><attscale Sync="TRUE">0</attscale><attrdef Sync="TRUE">Area of feature in internal units squared.</attrdef><attrdefs Sync="TRUE">ESRI</attrdefs><attrdomv><udom Sync="TRUE">Positive real numbers that are automatically generated.</udom></attrdomv></attr><attr><attrlabl Sync="TRUE">Acre_Area</attrlabl><attalias Sync="TRUE">Acre_Area</attalias><attrtype Sync="TRUE">Double</attrtype><attwidth Sync="TRUE">19</attwidth><atprecis Sync="TRUE">0</atprecis><attscale Sync="TRUE">0</attscale></attr><attr><attrlabl Sync="TRUE">AREA_MD</attrlabl><attalias Sync="TRUE">AREA_MD</attalias><attrtype Sync="TRUE">Double</attrtype><attwidth Sync="TRUE">19</attwidth><atprecis Sync="TRUE">0</atprecis><attscale Sync="TRUE">0</attscale></attr><attr><attrlabl Sync="TRUE">AREA_AC</attrlabl><attalias Sync="TRUE">AREA_AC</attalias><attrtype Sync="TRUE">Double</attrtype><attwidth Sync="TRUE">19</attwidth><atprecis Sync="TRUE">0</atprecis><attscale Sync="TRUE">0</attscale></attr><attr><attrlabl Sync="TRUE">Join_Count</attrlabl><attalias Sync="TRUE">Join_Count</attalias><attrtype Sync="TRUE">Integer</attrtype><attwidth Sync="TRUE">9</attwidth><atprecis Sync="TRUE">9</atprecis><attscale Sync="TRUE">0</attscale></attr><attr><attrlabl Sync="TRUE">TARGET_FID</attrlabl><attalias Sync="TRUE">TARGET_FID</attalias><attrtype Sync="TRUE">Integer</attrtype><attwidth Sync="TRUE">9</attwidth><atprecis Sync="TRUE">9</atprecis><attscale Sync="TRUE">0</attscale></attr><attr><attrlabl Sync="TRUE">GREEN</attrlabl><attalias Sync="TRUE">GREEN</attalias><attrtype Sync="TRUE">Double</attrtype><attwidth Sync="TRUE">19</attwidth><atprecis Sync="TRUE">0</atprecis><attscale Sync="TRUE">0</attscale></attr><attr><attrlabl Sync="TRUE">BLUE</attrlabl><attalias Sync="TRUE">BLUE</attalias><attrtype Sync="TRUE">Double</attrtype><attwidth Sync="TRUE">19</attwidth><atprecis Sync="TRUE">0</atprecis><attscale Sync="TRUE">0</attscale></attr><attr><attrlabl Sync="TRUE">RED</attrlabl><attalias Sync="TRUE">RED</attalias><attrtype Sync="TRUE">Double</attrtype><attwidth Sync="TRUE">19</attwidth><atprecis Sync="TRUE">0</atprecis><attscale Sync="TRUE">0</attscale></attr><attr><attrlabl Sync="TRUE">ORANGE</attrlabl><attalias Sync="TRUE">ORANGE</attalias><attrtype Sync="TRUE">Double</attrtype><attwidth Sync="TRUE">19</attwidth><atprecis Sync="TRUE">0</atprecis><attscale Sync="TRUE">0</attscale></attr><attr><attrlabl Sync="TRUE">SILVER</attrlabl><attalias Sync="TRUE">SILVER</attalias><attrtype Sync="TRUE">Double</attrtype><attwidth Sync="TRUE">19</attwidth><atprecis Sync="TRUE">0</atprecis><attscale Sync="TRUE">0</attscale></attr><attr><attrlabl Sync="TRUE">COMRAIL</attrlabl><attalias Sync="TRUE">COMRAIL</attalias><attrtype Sync="TRUE">Double</attrtype><attwidth Sync="TRUE">19</attwidth><atprecis Sync="TRUE">0</atprecis><attscale Sync="TRUE">0</attscale></attr><attr><attrlabl Sync="TRUE">AMTRAK_1</attrlabl><attalias Sync="TRUE">AMTRAK_1</attalias><attrtype Sync="TRUE">Double</attrtype><attwidth Sync="TRUE">19</attwidth><atprecis Sync="TRUE">0</atprecis><attscale Sync="TRUE">0</attscale></attr><attr><attrlabl Sync="TRUE">TAZ</attrlabl><attalias Sync="TRUE">TAZ</attalias><attrtype Sync="TRUE">Integer</attrtype><attwidth Sync="TRUE">9</attwidth><atprecis Sync="TRUE">9</atprecis><attscale Sync="TRUE">0</attscale></attr><attr><attrlabl Sync="TRUE">TAZ_SG_Y_N</attrlabl><attalias Sync="TRUE">TAZ_SG_Y_N</attalias><attrtype Sync="TRUE">Integer</attrtype><attwidth Sync="TRUE">9</attwidth><atprecis Sync="TRUE">9</atprecis><attscale Sync="TRUE">0</attscale></attr><attr><attrlabl Sync="TRUE">town</attrlabl><attalias Sync="TRUE">town</attalias><attrtype Sync="TRUE">String</attrtype><attwidth Sync="TRUE">21</attwidth><atprecis Sync="TRUE">0</atprecis><attscale Sync="TRUE">0</attscale></attr><attr><attrlabl Sync="TRUE">town_id</attrlabl><attalias Sync="TRUE">town_id</attalias><attrtype Sync="TRUE">SmallInteger</attrtype><attwidth Sync="TRUE">4</attwidth><atprecis Sync="TRUE">4</atprecis><attscale Sync="TRUE">0</attscale></attr><attr><attrlabl Sync="TRUE">COMTYPE</attrlabl><attalias Sync="TRUE">COMTYPE</attalias><attrtype Sync="TRUE">Double</attrtype><attwidth Sync="TRUE">19</attwidth><atprecis Sync="TRUE">0</atprecis><attscale Sync="TRUE">0</attscale></attr><attr><attrlabl Sync="TRUE">SUBCOMTYPE</attrlabl><attalias Sync="TRUE">SUBCOMTYPE</attalias><attrtype Sync="TRUE">Double</attrtype><attwidth Sync="TRUE">19</attwidth><atprecis Sync="TRUE">0</atprecis><attscale Sync="TRUE">0</attscale></attr><attr><attrlabl Sync="TRUE">COMTYP_des</attrlabl><attalias Sync="TRUE">COMTYP_des</attalias><attrtype Sync="TRUE">String</attrtype><attwidth Sync="TRUE">50</attwidth><atprecis Sync="TRUE">0</atprecis><attscale Sync="TRUE">0</attscale></attr><attr><attrlabl Sync="TRUE">SUBCOM_des</attrlabl><attalias Sync="TRUE">SUBCOM_des</attalias><attrtype Sync="TRUE">String</attrtype><attwidth Sync="TRUE">50</attwidth><atprecis Sync="TRUE">0</atprecis><attscale Sync="TRUE">0</attscale></attr><attr><attrlabl Sync="TRUE">P_GR_1M</attrlabl><attalias Sync="TRUE">P_GR_1M</attalias><attrtype Sync="TRUE">Double</attrtype><attwidth Sync="TRUE">19</attwidth><atprecis Sync="TRUE">0</atprecis><attscale Sync="TRUE">0</attscale></attr><attr><attrlabl Sync="TRUE">HH_GR_1M</attrlabl><attalias Sync="TRUE">HH_GR_1M</attalias><attrtype Sync="TRUE">Double</attrtype><attwidth Sync="TRUE">19</attwidth><atprecis Sync="TRUE">0</atprecis><attscale Sync="TRUE">0</attscale></attr><attr><attrlabl Sync="TRUE">HH_GR_025M</attrlabl><attalias Sync="TRUE">HH_GR_025M</attalias><attrtype Sync="TRUE">Double</attrtype><attwidth Sync="TRUE">19</attwidth><atprecis Sync="TRUE">0</atprecis><attscale Sync="TRUE">0</attscale></attr><attr><attrlabl Sync="TRUE">P_GR_025M</attrlabl><attalias Sync="TRUE">P_GR_025M</attalias><attrtype Sync="TRUE">Double</attrtype><attwidth Sync="TRUE">19</attwidth><atprecis Sync="TRUE">0</atprecis><attscale Sync="TRUE">0</attscale></attr><attr><attrlabl Sync="TRUE">BUSI_1M</attrlabl><attalias Sync="TRUE">BUSI_1M</attalias><attrtype Sync="TRUE">Double</attrtype><attwidth Sync="TRUE">19</attwidth><atprecis Sync="TRUE">0</atprecis><attscale Sync="TRUE">0</attscale></attr><attr><attrlabl Sync="TRUE">EMP_1M</attrlabl><attalias Sync="TRUE">EMP_1M</attalias><attrtype Sync="TRUE">Double</attrtype><attwidth Sync="TRUE">19</attwidth><atprecis Sync="TRUE">0</atprecis><attscale Sync="TRUE">0</attscale></attr><attr><attrlabl Sync="TRUE">BUSI_025M</attrlabl><attalias Sync="TRUE">BUSI_025M</attalias><attrtype Sync="TRUE">Double</attrtype><attwidth Sync="TRUE">19</attwidth><atprecis Sync="TRUE">0</atprecis><attscale Sync="TRUE">0</attscale></attr><attr><attrlabl Sync="TRUE">EMP_025M</attrlabl><attalias Sync="TRUE">EMP_025M</attalias><attrtype Sync="TRUE">Double</attrtype><attwidth Sync="TRUE">19</attwidth><atprecis Sync="TRUE">0</atprecis><attscale Sync="TRUE">0</attscale></attr><attr><attrlabl Sync="TRUE">SUBWAY</attrlabl><attalias Sync="TRUE">SUBWAY</attalias><attrtype Sync="TRUE">Double</attrtype><attwidth Sync="TRUE">19</attwidth><atprecis Sync="TRUE">0</atprecis><attscale Sync="TRUE">0</attscale></attr><attr><attrlabl Sync="TRUE">RES_HD_025</attrlabl><attalias Sync="TRUE">RES_HD_025</attalias><attrtype Sync="TRUE">Double</attrtype><attwidth Sync="TRUE">19</attwidth><atprecis Sync="TRUE">0</atprecis><attscale Sync="TRUE">0</attscale></attr><attr><attrlabl Sync="TRUE">RES_LD_025</attrlabl><attalias Sync="TRUE">RES_LD_025</attalias><attrtype Sync="TRUE">Double</attrtype><attwidth Sync="TRUE">19</attwidth><atprecis Sync="TRUE">0</atprecis><attscale Sync="TRUE">0</attscale></attr><attr><attrlabl Sync="TRUE">COMM_025</attrlabl><attalias Sync="TRUE">COMM_025</attalias><attrtype Sync="TRUE">Double</attrtype><attwidth Sync="TRUE">19</attwidth><atprecis Sync="TRUE">0</atprecis><attscale Sync="TRUE">0</attscale></attr><attr><attrlabl Sync="TRUE">OTHDEV_025</attrlabl><attalias Sync="TRUE">OTHDEV_025</attalias><attrtype Sync="TRUE">Double</attrtype><attwidth Sync="TRUE">19</attwidth><atprecis Sync="TRUE">0</atprecis><attscale Sync="TRUE">0</attscale></attr><attr><attrlabl Sync="TRUE">VACDEV_025</attrlabl><attalias Sync="TRUE">VACDEV_025</attalias><attrtype Sync="TRUE">Double</attrtype><attwidth Sync="TRUE">19</attwidth><atprecis Sync="TRUE">0</atprecis><attscale Sync="TRUE">0</attscale></attr><attr><attrlabl Sync="TRUE">VACUN_025</attrlabl><attalias Sync="TRUE">VACUN_025</attalias><attrtype Sync="TRUE">Double</attrtype><attwidth Sync="TRUE">19</attwidth><atprecis Sync="TRUE">0</atprecis><attscale Sync="TRUE">0</attscale></attr><attr><attrlabl Sync="TRUE">HHDEN_025</attrlabl><attalias Sync="TRUE">HHDEN_025</attalias><attrtype Sync="TRUE">Double</attrtype><attwidth Sync="TRUE">19</attwidth><atprecis Sync="TRUE">0</atprecis><attscale Sync="TRUE">0</attscale></attr><attr><attrlabl Sync="TRUE">POPDEN_025</attrlabl><attalias Sync="TRUE">POPDEN_025</attalias><attrtype Sync="TRUE">Double</attrtype><attwidth Sync="TRUE">19</attwidth><atprecis Sync="TRUE">0</atprecis><attscale Sync="TRUE">0</attscale></attr><attr><attrlabl Sync="TRUE">EMPDEN_025</attrlabl><attalias Sync="TRUE">EMPDEN_025</attalias><attrtype Sync="TRUE">Double</attrtype><attwidth Sync="TRUE">19</attwidth><atprecis Sync="TRUE">0</atprecis><attscale Sync="TRUE">0</attscale></attr><attr><attrlabl Sync="TRUE">HHDEN_05</attrlabl><attalias Sync="TRUE">HHDEN_05</attalias><attrtype Sync="TRUE">Double</attrtype><attwidth Sync="TRUE">19</attwidth><atprecis Sync="TRUE">0</atprecis><attscale Sync="TRUE">0</attscale></attr><attr><attrlabl Sync="TRUE">POPDEN_05</attrlabl><attalias Sync="TRUE">POPDEN_05</attalias><attrtype Sync="TRUE">Double</attrtype><attwidth Sync="TRUE">19</attwidth><atprecis Sync="TRUE">0</atprecis><attscale Sync="TRUE">0</attscale></attr><attr><attrlabl Sync="TRUE">EMPDEN_05</attrlabl><attalias Sync="TRUE">EMPDEN_05</attalias><attrtype Sync="TRUE">Double</attrtype><attwidth Sync="TRUE">19</attwidth><atprecis Sync="TRUE">0</atprecis><attscale Sync="TRUE">0</attscale></attr><attr><attrlabl Sync="TRUE">Stn_Class</attrlabl><attalias Sync="TRUE">Stn_Class</attalias><attrtype Sync="TRUE">String</attrtype><attwidth Sync="TRUE">254</attwidth><atprecis Sync="TRUE">0</atprecis><attscale Sync="TRUE">0</attscale></attr><attr><attrlabl Sync="TRUE">VMT_05ovlp</attrlabl><attalias Sync="TRUE">VMT_05ovlp</attalias><attrtype Sync="TRUE">Double</attrtype><attwidth Sync="TRUE">19</attwidth><atprecis Sync="TRUE">0</atprecis><attscale Sync="TRUE">0</attscale></attr><attr><attrlabl Sync="TRUE">HH00</attrlabl><attalias Sync="TRUE">HH00</attalias><attrtype Sync="TRUE">Double</attrtype><attwidth Sync="TRUE">19</attwidth><atprecis Sync="TRUE">0</atprecis><attscale Sync="TRUE">0</attscale></attr><attr><attrlabl Sync="TRUE">HHVMT_day</attrlabl><attalias Sync="TRUE">HHVMT_day</attalias><attrtype Sync="TRUE">Double</attrtype><attwidth Sync="TRUE">19</attwidth><atprecis Sync="TRUE">0</atprecis><attscale Sync="TRUE">0</attscale></attr><attr><attrlabl Sync="TRUE">HHInc</attrlabl><attalias Sync="TRUE">HHInc</attalias><attrtype Sync="TRUE">Double</attrtype><attwidth Sync="TRUE">19</attwidth><atprecis Sync="TRUE">0</atprecis><attscale Sync="TRUE">0</attscale></attr><attr><attrlabl Sync="TRUE">OV_EMP_10</attrlabl><attalias Sync="TRUE">OV_EMP_10</attalias><attrtype Sync="TRUE">Double</attrtype><attwidth Sync="TRUE">19</attwidth><atprecis Sync="TRUE">0</atprecis><attscale Sync="TRUE">0</attscale></attr><attr><attrlabl Sync="TRUE">OV_POP_10</attrlabl><attalias Sync="TRUE">OV_POP_10</attalias><attrtype Sync="TRUE">Double</attrtype><attwidth Sync="TRUE">19</attwidth><atprecis Sync="TRUE">0</atprecis><attscale Sync="TRUE">0</attscale></attr><attr><attrlabl Sync="TRUE">Intensity</attrlabl><attalias Sync="TRUE">Intensity</attalias><attrtype Sync="TRUE">Double</attrtype><attwidth Sync="TRUE">19</attwidth><atprecis Sync="TRUE">0</atprecis><attscale Sync="TRUE">0</attscale></attr><attr><attrlabl Sync="TRUE">Mix</attrlabl><attalias Sync="TRUE">Mix</attalias><attrtype Sync="TRUE">Double</attrtype><attwidth Sync="TRUE">19</attwidth><atprecis Sync="TRUE">0</atprecis><attscale Sync="TRUE">0</attscale></attr><attr><attrlabl Sync="TRUE">EX_HU_00</attrlabl><attalias Sync="TRUE">EX_HU_00</attalias><attrtype Sync="TRUE">Double</attrtype><attwidth Sync="TRUE">19</attwidth><atprecis Sync="TRUE">0</atprecis><attscale Sync="TRUE">0</attscale></attr><attr><attrlabl Sync="TRUE">EX_POP_00</attrlabl><attalias Sync="TRUE">EX_POP_00</attalias><attrtype Sync="TRUE">Double</attrtype><attwidth Sync="TRUE">19</attwidth><atprecis Sync="TRUE">0</atprecis><attscale Sync="TRUE">0</attscale></attr><attr><attrlabl Sync="TRUE">EX_HU_10</attrlabl><attalias Sync="TRUE">EX_HU_10</attalias><attrtype Sync="TRUE">Double</attrtype><attwidth Sync="TRUE">19</attwidth><atprecis Sync="TRUE">0</atprecis><attscale Sync="TRUE">0</attscale></attr><attr><attrlabl Sync="TRUE">EX_POP_10</attrlabl><attalias Sync="TRUE">EX_POP_10</attalias><attrtype Sync="TRUE">Double</attrtype><attwidth Sync="TRUE">19</attwidth><atprecis Sync="TRUE">0</atprecis><attscale Sync="TRUE">0</attscale></attr><attr><attrlabl Sync="TRUE">POP_0010</attrlabl><attalias Sync="TRUE">POP_0010</attalias><attrtype Sync="TRUE">Double</attrtype><attwidth Sync="TRUE">19</attwidth><atprecis Sync="TRUE">0</atprecis><attscale Sync="TRUE">0</attscale></attr><attr><attrlabl Sync="TRUE">HU_0010</attrlabl><attalias Sync="TRUE">HU_0010</attalias><attrtype Sync="TRUE">Double</attrtype><attwidth Sync="TRUE">19</attwidth><atprecis Sync="TRUE">0</atprecis><attscale Sync="TRUE">0</attscale></attr><attr><attrlabl Sync="TRUE">Comm_pct</attrlabl><attalias Sync="TRUE">Comm_pct</attalias><attrtype Sync="TRUE">Double</attrtype><attwidth Sync="TRUE">19</attwidth><atprecis Sync="TRUE">0</atprecis><attscale Sync="TRUE">0</attscale></attr><attr><attrlabl Sync="TRUE">PrkCom_Pct</attrlabl><attalias Sync="TRUE">PrkCom_Pct</attalias><attrtype Sync="TRUE">Double</attrtype><attwidth Sync="TRUE">19</attwidth><atprecis Sync="TRUE">0</atprecis><attscale Sync="TRUE">0</attscale></attr><attr><attrlabl Sync="TRUE">Res_HD_pct</attrlabl><attalias Sync="TRUE">Res_HD_pct</attalias><attrtype Sync="TRUE">Double</attrtype><attwidth Sync="TRUE">19</attwidth><atprecis Sync="TRUE">0</atprecis><attscale Sync="TRUE">0</attscale></attr><attr><attrlabl Sync="TRUE">PrkResHD_P</attrlabl><attalias Sync="TRUE">PrkResHD_P</attalias><attrtype Sync="TRUE">Double</attrtype><attwidth Sync="TRUE">19</attwidth><atprecis Sync="TRUE">0</atprecis><attscale Sync="TRUE">0</attscale></attr><attr><attrlabl Sync="TRUE">Res_LD_pct</attrlabl><attalias Sync="TRUE">Res_LD_pct</attalias><attrtype Sync="TRUE">Double</attrtype><attwidth Sync="TRUE">19</attwidth><atprecis Sync="TRUE">0</atprecis><attscale Sync="TRUE">0</attscale></attr><attr><attrlabl Sync="TRUE">Dev_Oth_pc</attrlabl><attalias Sync="TRUE">Dev_Oth_pc</attalias><attrtype Sync="TRUE">Double</attrtype><attwidth Sync="TRUE">19</attwidth><atprecis Sync="TRUE">0</atprecis><attscale Sync="TRUE">0</attscale></attr><attr><attrlabl Sync="TRUE">Prk_DevOth</attrlabl><attalias Sync="TRUE">Prk_DevOth</attalias><attrtype Sync="TRUE">Double</attrtype><attwidth Sync="TRUE">19</attwidth><atprecis Sync="TRUE">0</atprecis><attscale Sync="TRUE">0</attscale></attr><attr><attrlabl Sync="TRUE">Vac_Dev_pc</attrlabl><attalias Sync="TRUE">Vac_Dev_pc</attalias><attrtype Sync="TRUE">Double</attrtype><attwidth Sync="TRUE">19</attwidth><atprecis Sync="TRUE">0</atprecis><attscale Sync="TRUE">0</attscale></attr><attr><attrlabl Sync="TRUE">Vac_Undev_</attrlabl><attalias Sync="TRUE">Vac_Undev_</attalias><attrtype Sync="TRUE">Double</attrtype><attwidth Sync="TRUE">19</attwidth><atprecis Sync="TRUE">0</atprecis><attscale Sync="TRUE">0</attscale></attr><attr><attrlabl Sync="TRUE">ResPct</attrlabl><attalias Sync="TRUE">ResPct</attalias><attrtype Sync="TRUE">Double</attrtype><attwidth Sync="TRUE">19</attwidth><atprecis Sync="TRUE">0</atprecis><attscale Sync="TRUE">0</attscale></attr><attr><attrlabl Sync="TRUE">VacPct</attrlabl><attalias Sync="TRUE">VacPct</attalias><attrtype Sync="TRUE">Double</attrtype><attwidth Sync="TRUE">19</attwidth><atprecis Sync="TRUE">0</atprecis><attscale Sync="TRUE">0</attscale></attr><attr><attrlabl Sync="TRUE">PrkAll_Pct</attrlabl><attalias Sync="TRUE">PrkAll_Pct</attalias><attrtype Sync="TRUE">Double</attrtype><attwidth Sync="TRUE">19</attwidth><atprecis Sync="TRUE">0</atprecis><attscale Sync="TRUE">0</attscale></attr><attr><attrlabl Sync="TRUE">Comm</attrlabl><attalias Sync="TRUE">Comm</attalias><attrtype Sync="TRUE">Double</attrtype><attwidth Sync="TRUE">19</attwidth><atprecis Sync="TRUE">0</atprecis><attscale Sync="TRUE">0</attscale></attr><attr><attrlabl Sync="TRUE">Res_HD</attrlabl><attalias Sync="TRUE">Res_HD</attalias><attrtype Sync="TRUE">Double</attrtype><attwidth Sync="TRUE">19</attwidth><atprecis Sync="TRUE">0</atprecis><attscale Sync="TRUE">0</attscale></attr><attr><attrlabl Sync="TRUE">Res_LD</attrlabl><attalias Sync="TRUE">Res_LD</attalias><attrtype Sync="TRUE">Double</attrtype><attwidth Sync="TRUE">19</attwidth><atprecis Sync="TRUE">0</atprecis><attscale Sync="TRUE">0</attscale></attr><attr><attrlabl Sync="TRUE">Dev_Oth</attrlabl><attalias Sync="TRUE">Dev_Oth</attalias><attrtype Sync="TRUE">Double</attrtype><attwidth Sync="TRUE">19</attwidth><atprecis Sync="TRUE">0</atprecis><attscale Sync="TRUE">0</attscale></attr><attr><attrlabl Sync="TRUE">Vac_Dev</attrlabl><attalias Sync="TRUE">Vac_Dev</attalias><attrtype Sync="TRUE">Double</attrtype><attwidth Sync="TRUE">19</attwidth><atprecis Sync="TRUE">0</atprecis><attscale Sync="TRUE">0</attscale></attr><attr><attrlabl Sync="TRUE">Vac_Undev</attrlabl><attalias Sync="TRUE">Vac_Undev</attalias><attrtype Sync="TRUE">Double</attrtype><attwidth Sync="TRUE">19</attwidth><atprecis Sync="TRUE">0</atprecis><attscale Sync="TRUE">0</attscale></attr><attr><attrlabl Sync="TRUE">SepBuf_Ac</attrlabl><attalias Sync="TRUE">SepBuf_Ac</attalias><attrtype Sync="TRUE">Double</attrtype><attwidth Sync="TRUE">19</attwidth><atprecis Sync="TRUE">0</atprecis><attscale Sync="TRUE">0</attscale></attr><attr><attrlabl Sync="TRUE">BlFP_Av</attrlabl><attalias Sync="TRUE">BlFP_Av</attalias><attrtype Sync="TRUE">Double</attrtype><attwidth Sync="TRUE">19</attwidth><atprecis Sync="TRUE">0</atprecis><attscale Sync="TRUE">0</attscale></attr><attr><attrlabl Sync="TRUE">Park_Comm</attrlabl><attalias Sync="TRUE">Park_Comm</attalias><attrtype Sync="TRUE">Double</attrtype><attwidth Sync="TRUE">19</attwidth><atprecis Sync="TRUE">0</atprecis><attscale Sync="TRUE">0</attscale></attr><attr><attrlabl Sync="TRUE">Park_DvOth</attrlabl><attalias Sync="TRUE">Park_DvOth</attalias><attrtype Sync="TRUE">Double</attrtype><attwidth Sync="TRUE">19</attwidth><atprecis Sync="TRUE">0</atprecis><attscale Sync="TRUE">0</attscale></attr><attr><attrlabl Sync="TRUE">Park_ResHD</attrlabl><attalias Sync="TRUE">Park_ResHD</attalias><attrtype Sync="TRUE">Double</attrtype><attwidth Sync="TRUE">19</attwidth><atprecis Sync="TRUE">0</atprecis><attscale Sync="TRUE">0</attscale></attr><attr><attrlabl Sync="TRUE">Park_ResLD</attrlabl><attalias Sync="TRUE">Park_ResLD</attalias><attrtype Sync="TRUE">Double</attrtype><attwidth Sync="TRUE">19</attwidth><atprecis Sync="TRUE">0</atprecis><attscale Sync="TRUE">0</attscale></attr><attr><attrlabl Sync="TRUE">Park_VacDv</attrlabl><attalias Sync="TRUE">Park_VacDv</attalias><attrtype Sync="TRUE">Double</attrtype><attwidth Sync="TRUE">19</attwidth><atprecis Sync="TRUE">0</atprecis><attscale Sync="TRUE">0</attscale></attr><attr><attrlabl Sync="TRUE">Park_VacUn</attrlabl><attalias Sync="TRUE">Park_VacUn</attalias><attrtype Sync="TRUE">Double</attrtype><attwidth Sync="TRUE">19</attwidth><atprecis Sync="TRUE">0</atprecis><attscale Sync="TRUE">0</attscale></attr><attr><attrlabl Sync="TRUE">TOTPrk_Exc</attrlabl><attalias Sync="TRUE">TOTPrk_Exc</attalias><attrtype Sync="TRUE">Double</attrtype><attwidth Sync="TRUE">19</attwidth><atprecis Sync="TRUE">0</atprecis><attscale Sync="TRUE">0</attscale></attr><attr><attrlabl Sync="TRUE">Res_Com_Ra</attrlabl><attalias Sync="TRUE">Res_Com_Ra</attalias><attrtype Sync="TRUE">Double</attrtype><attwidth Sync="TRUE">19</attwidth><atprecis Sync="TRUE">0</atprecis><attscale Sync="TRUE">0</attscale></attr><attr><attrlabl Sync="TRUE">MAPC</attrlabl><attalias Sync="TRUE">MAPC</attalias><attrtype Sync="TRUE">SmallInteger</attrtype><attwidth Sync="TRUE">4</attwidth><atprecis Sync="TRUE">4</atprecis><attscale Sync="TRUE">0</attscale></attr><attr><attrlabl Sync="TRUE">TOT_1</attrlabl><attalias Sync="TRUE">TOT_1</attalias><attrtype Sync="TRUE">Double</attrtype><attwidth Sync="TRUE">19</attwidth><atprecis Sync="TRUE">0</atprecis><attscale Sync="TRUE">0</attscale></attr><attr><attrlabl Sync="TRUE">CAR_1</attrlabl><attalias Sync="TRUE">CAR_1</attalias><attrtype Sync="TRUE">Double</attrtype><attwidth Sync="TRUE">19</attwidth><atprecis Sync="TRUE">0</atprecis><attscale Sync="TRUE">0</attscale></attr><attr><attrlabl Sync="TRUE">TRANSIT_1</attrlabl><attalias Sync="TRUE">TRANSIT_1</attalias><attrtype Sync="TRUE">Double</attrtype><attwidth Sync="TRUE">19</attwidth><atprecis Sync="TRUE">0</atprecis><attscale Sync="TRUE">0</attscale></attr><attr><attrlabl Sync="TRUE">BIKE_1</attrlabl><attalias Sync="TRUE">BIKE_1</attalias><attrtype Sync="TRUE">Double</attrtype><attwidth Sync="TRUE">19</attwidth><atprecis Sync="TRUE">0</atprecis><attscale Sync="TRUE">0</attscale></attr><attr><attrlabl Sync="TRUE">WALK_1</attrlabl><attalias Sync="TRUE">WALK_1</attalias><attrtype Sync="TRUE">Double</attrtype><attwidth Sync="TRUE">19</attwidth><atprecis Sync="TRUE">0</atprecis><attscale Sync="TRUE">0</attscale></attr><attr><attrlabl Sync="TRUE">PCT_CAR</attrlabl><attalias Sync="TRUE">PCT_CAR</attalias><attrtype Sync="TRUE">Double</attrtype><attwidth Sync="TRUE">19</attwidth><atprecis Sync="TRUE">0</atprecis><attscale Sync="TRUE">0</attscale></attr><attr><attrlabl Sync="TRUE">PCT_TRAN</attrlabl><attalias Sync="TRUE">PCT_TRAN</attalias><attrtype Sync="TRUE">Double</attrtype><attwidth Sync="TRUE">19</attwidth><atprecis Sync="TRUE">0</atprecis><attscale Sync="TRUE">0</attscale></attr><attr><attrlabl Sync="TRUE">PCT_BIKE</attrlabl><attalias Sync="TRUE">PCT_BIKE</attalias><attrtype Sync="TRUE">Double</attrtype><attwidth Sync="TRUE">19</attwidth><atprecis Sync="TRUE">0</atprecis><attscale Sync="TRUE">0</attscale></attr><attr><attrlabl Sync="TRUE">PCT_WALK</attrlabl><attalias Sync="TRUE">PCT_WALK</attalias><attrtype Sync="TRUE">Double</attrtype><attwidth Sync="TRUE">19</attwidth><atprecis Sync="TRUE">0</atprecis><attscale Sync="TRUE">0</attscale></attr><attr><attrlabl Sync="TRUE">SUBWAY_Brd</attrlabl><attalias Sync="TRUE">SUBWAY_Brd</attalias><attrtype Sync="TRUE">Double</attrtype><attwidth Sync="TRUE">19</attwidth><atprecis Sync="TRUE">0</atprecis><attscale Sync="TRUE">0</attscale></attr><attr><attrlabl Sync="TRUE">CR_Brd</attrlabl><attalias Sync="TRUE">CR_Brd</attalias><attrtype Sync="TRUE">Double</attrtype><attwidth Sync="TRUE">19</attwidth><atprecis Sync="TRUE">0</atprecis><attscale Sync="TRUE">0</attscale></attr><attr><attrlabl Sync="TRUE">Total_Brd</attrlabl><attalias Sync="TRUE">Total_Brd</attalias><attrtype Sync="TRUE">Double</attrtype><attwidth Sync="TRUE">19</attwidth><atprecis Sync="TRUE">0</atprecis><attscale Sync="TRUE">0</attscale></attr><attr><attrlabl Sync="TRUE">Walkscore</attrlabl><attalias Sync="TRUE">Walkscore</attalias><attrtype Sync="TRUE">Double</attrtype><attwidth Sync="TRUE">19</attwidth><atprecis Sync="TRUE">0</atprecis><attscale Sync="TRUE">0</attscale></attr><attr><attrlabl Sync="TRUE">WLK_Cat</attrlabl><attalias Sync="TRUE">WLK_Cat</attalias><attrtype Sync="TRUE">String</attrtype><attwidth Sync="TRUE">50</attwidth><atprecis Sync="TRUE">0</atprecis><attscale Sync="TRUE">0</attscale></attr><attr><attrlabl Sync="TRUE">NEAR_FID</attrlabl><attalias Sync="TRUE">NEAR_FID</attalias><attrtype Sync="TRUE">Integer</attrtype><attwidth Sync="TRUE">9</attwidth><atprecis Sync="TRUE">9</atprecis><attscale Sync="TRUE">0</attscale></attr><attr><attrlabl Sync="TRUE">NEAR_DIST</attrlabl><attalias Sync="TRUE">NEAR_DIST</attalias><attrtype Sync="TRUE">Double</attrtype><attwidth Sync="TRUE">19</attwidth><atprecis Sync="TRUE">0</atprecis><attscale Sync="TRUE">0</attscale></attr><attr><attrlabl Sync="TRUE">BUS</attrlabl><attalias Sync="TRUE">BUS</attalias><attrtype Sync="TRUE">SmallInteger</attrtype><attwidth Sync="TRUE">4</attwidth><atprecis Sync="TRUE">4</atprecis><attscale Sync="TRUE">0</attscale></attr><attr><attrlabl Sync="TRUE">Buffer</attrlabl><attalias Sync="TRUE">Buffer</attalias><attrtype Sync="TRUE">String</attrtype><attwidth Sync="TRUE">254</attwidth><atprecis Sync="TRUE">0</atprecis><attscale Sync="TRUE">0</attscale></attr><attr><attrlabl Sync="TRUE">Agency</attrlabl><attalias Sync="TRUE">Agency</attalias><attrtype Sync="TRUE">String</attrtype><attwidth Sync="TRUE">254</attwidth><atprecis Sync="TRUE">0</atprecis><attscale Sync="TRUE">0</attscale></attr><attr><attrlabl Sync="TRUE">Lines</attrlabl><attalias Sync="TRUE">Lines</attalias><attrtype Sync="TRUE">String</attrtype><attwidth Sync="TRUE">254</attwidth><atprecis Sync="TRUE">0</atprecis><attscale Sync="TRUE">0</attscale></attr><attr><attrlabl Sync="TRUE">Station_Na</attrlabl><attalias Sync="TRUE">Station_Na</attalias><attrtype Sync="TRUE">String</attrtype><attwidth Sync="TRUE">254</attwidth><atprecis Sync="TRUE">0</atprecis><attscale Sync="TRUE">0</attscale></attr><attr><attrlabl Sync="TRUE">Year_Opene</attrlabl><attalias Sync="TRUE">Year_Opene</attalias><attrtype Sync="TRUE">String</attrtype><attwidth Sync="TRUE">254</attwidth><atprecis Sync="TRUE">0</atprecis><attscale Sync="TRUE">0</attscale></attr><attr><attrlabl Sync="TRUE">Latitude</attrlabl><attalias Sync="TRUE">Latitude</attalias><attrtype Sync="TRUE">Double</attrtype><attwidth Sync="TRUE">19</attwidth><atprecis Sync="TRUE">18</atprecis><attscale Sync="TRUE">6</attscale></attr><attr><attrlabl Sync="TRUE">Longitude</attrlabl><attalias Sync="TRUE">Longitude</attalias><attrtype Sync="TRUE">Double</attrtype><attwidth Sync="TRUE">19</attwidth><atprecis Sync="TRUE">18</atprecis><attscale Sync="TRUE">6</attscale></attr><attr><attrlabl Sync="TRUE">FERRY</attrlabl><attalias Sync="TRUE">FERRY</attalias><attrtype Sync="TRUE">SmallInteger</attrtype><attwidth Sync="TRUE">4</attwidth><atprecis Sync="TRUE">4</atprecis><attscale Sync="TRUE">0</attscale></attr><attr><attrlabl Sync="TRUE">FID_</attrlabl><attalias Sync="TRUE">FID_</attalias><attrtype Sync="TRUE">Double</attrtype><attwidth Sync="TRUE">19</attwidth><atprecis Sync="TRUE">18</atprecis><attscale Sync="TRUE">6</attscale></attr><attr><attrlabl Sync="TRUE">LINE</attrlabl><attalias Sync="TRUE">LINE</attalias><attrtype Sync="TRUE">String</attrtype><attwidth Sync="TRUE">254</attwidth><atprecis Sync="TRUE">0</atprecis><attscale Sync="TRUE">0</attscale></attr><attr><attrlabl Sync="TRUE">STAT_NAM</attrlabl><attalias Sync="TRUE">STAT_NAM</attalias><attrtype Sync="TRUE">String</attrtype><attwidth Sync="TRUE">254</attwidth><atprecis Sync="TRUE">0</atprecis><attscale Sync="TRUE">0</attscale></attr><attr><attrlabl Sync="TRUE">Latitude_1</attrlabl><attalias Sync="TRUE">Latitude_1</attalias><attrtype Sync="TRUE">Double</attrtype><attwidth Sync="TRUE">19</attwidth><atprecis Sync="TRUE">18</atprecis><attscale Sync="TRUE">6</attscale></attr><attr><attrlabl Sync="TRUE">Longitude_</attrlabl><attalias Sync="TRUE">Longitude_</attalias><attrtype Sync="TRUE">Double</attrtype><attwidth Sync="TRUE">19</attwidth><atprecis Sync="TRUE">18</atprecis><attscale Sync="TRUE">6</attscale></attr><attr><attrlabl Sync="TRUE">HH_ACRE</attrlabl><attalias Sync="TRUE">HH_ACRE</attalias><attrtype Sync="TRUE">Double</attrtype><attwidth Sync="TRUE">19</attwidth><atprecis Sync="TRUE">18</atprecis><attscale Sync="TRUE">6</attscale></attr><attr><attrlabl Sync="TRUE">RTHTCI</attrlabl><attalias Sync="TRUE">RTHTCI</attalias><attrtype Sync="TRUE">Double</attrtype><attwidth Sync="TRUE">19</attwidth><atprecis Sync="TRUE">18</atprecis><attscale Sync="TRUE">6</attscale></attr><attr><attrlabl Sync="TRUE">PER25K_LES</attrlabl><attalias Sync="TRUE">PER25K_LES</attalias><attrtype Sync="TRUE">Double</attrtype><attwidth Sync="TRUE">19</attwidth><atprecis Sync="TRUE">18</atprecis><attscale Sync="TRUE">6</attscale></attr><attr><attrlabl Sync="TRUE">P_PUBTRANS</attrlabl><attalias Sync="TRUE">P_PUBTRANS</attalias><attrtype Sync="TRUE">Double</attrtype><attwidth Sync="TRUE">19</attwidth><atprecis Sync="TRUE">18</atprecis><attscale Sync="TRUE">6</attscale></attr><attr><attrlabl Sync="TRUE">P_PUB_BK_W</attrlabl><attalias Sync="TRUE">P_PUB_BK_W</attalias><attrtype Sync="TRUE">Double</attrtype><attwidth Sync="TRUE">19</attwidth><atprecis Sync="TRUE">18</atprecis><attscale Sync="TRUE">6</attscale></attr><attr><attrlabl Sync="TRUE">P_RENTOCC</attrlabl><attalias Sync="TRUE">P_RENTOCC</attalias><attrtype Sync="TRUE">Double</attrtype><attwidth Sync="TRUE">19</attwidth><atprecis Sync="TRUE">18</atprecis><attscale Sync="TRUE">6</attscale></attr><attr><attrlabl Sync="TRUE">TAS</attrlabl><attalias Sync="TRUE">TAS</attalias><attrtype Sync="TRUE">Double</attrtype><attwidth Sync="TRUE">19</attwidth><atprecis Sync="TRUE">18</atprecis><attscale Sync="TRUE">6</attscale></attr><attr><attrlabl Sync="TRUE">TCI</attrlabl><attalias Sync="TRUE">TCI</attalias><attrtype Sync="TRUE">Double</attrtype><attwidth Sync="TRUE">19</attwidth><atprecis Sync="TRUE">18</atprecis><attscale Sync="TRUE">6</attscale></attr><attr><attrlabl Sync="TRUE">COM_SCORE</attrlabl><attalias Sync="TRUE">COM_SCORE</attalias><attrtype Sync="TRUE">Double</attrtype><attwidth Sync="TRUE">19</attwidth><atprecis Sync="TRUE">18</atprecis><attscale Sync="TRUE">6</attscale></attr><attr><attrlabl Sync="TRUE">SIMPS_RACE</attrlabl><attalias Sync="TRUE">SIMPS_RACE</attalias><attrtype Sync="TRUE">Double</attrtype><attwidth Sync="TRUE">19</attwidth><atprecis Sync="TRUE">18</atprecis><attscale Sync="TRUE">6</attscale></attr><attr><attrlabl Sync="TRUE">P_HH_NOCAR</attrlabl><attalias Sync="TRUE">P_HH_NOCAR</attalias><attrtype Sync="TRUE">Double</attrtype><attwidth Sync="TRUE">19</attwidth><atprecis Sync="TRUE">18</atprecis><attscale Sync="TRUE">6</attscale></attr><attr><attrlabl Sync="TRUE">WALKSCORE_</attrlabl><attalias Sync="TRUE">WALKSCORE_</attalias><attrtype Sync="TRUE">Double</attrtype><attwidth Sync="TRUE">19</attwidth><atprecis Sync="TRUE">18</atprecis><attscale Sync="TRUE">6</attscale></attr><attr><attrlabl Sync="TRUE">EMP_GRAV</attrlabl><attalias Sync="TRUE">EMP_GRAV</attalias><attrtype Sync="TRUE">Double</attrtype><attwidth Sync="TRUE">19</attwidth><atprecis Sync="TRUE">18</atprecis><attscale Sync="TRUE">6</attscale></attr><attr><attrlabl Sync="TRUE">SIMPS_INCO</attrlabl><attalias Sync="TRUE">SIMPS_INCO</attalias><attrtype Sync="TRUE">Double</attrtype><attwidth Sync="TRUE">19</attwidth><atprecis Sync="TRUE">18</atprecis><attscale Sync="TRUE">6</attscale></attr><attr><attrlabl Sync="TRUE">ID_OOI2</attrlabl><attalias Sync="TRUE">ID_OOI2</attalias><attrtype Sync="TRUE">Double</attrtype><attwidth Sync="TRUE">19</attwidth><atprecis Sync="TRUE">18</atprecis><attscale Sync="TRUE">6</attscale></attr><attr><attrlabl Sync="TRUE">LINE2</attrlabl><attalias Sync="TRUE">LINE2</attalias><attrtype Sync="TRUE">String</attrtype><attwidth Sync="TRUE">254</attwidth><atprecis Sync="TRUE">0</atprecis><attscale Sync="TRUE">0</attscale></attr><attr><attrlabl Sync="TRUE">STAT_NAM2</attrlabl><attalias Sync="TRUE">STAT_NAM2</attalias><attrtype Sync="TRUE">String</attrtype><attwidth Sync="TRUE">254</attwidth><atprecis Sync="TRUE">0</atprecis><attscale Sync="TRUE">0</attscale></attr><attr><attrlabl Sync="TRUE">Latitude2</attrlabl><attalias Sync="TRUE">Latitude2</attalias><attrtype Sync="TRUE">Double</attrtype><attwidth Sync="TRUE">19</attwidth><atprecis Sync="TRUE">18</atprecis><attscale Sync="TRUE">6</attscale></attr><attr><attrlabl Sync="TRUE">Longitude2</attrlabl><attalias Sync="TRUE">Longitude2</attalias><attrtype Sync="TRUE">Double</attrtype><attwidth Sync="TRUE">19</attwidth><atprecis Sync="TRUE">18</atprecis><attscale Sync="TRUE">6</attscale></attr><attr><attrlabl Sync="TRUE">HH_ACRE2</attrlabl><attalias Sync="TRUE">HH_ACRE2</attalias><attrtype Sync="TRUE">Double</attrtype><attwidth Sync="TRUE">19</attwidth><atprecis Sync="TRUE">18</atprecis><attscale Sync="TRUE">6</attscale></attr><attr><attrlabl Sync="TRUE">RTHTCI2</attrlabl><attalias Sync="TRUE">RTHTCI2</attalias><attrtype Sync="TRUE">Double</attrtype><attwidth Sync="TRUE">19</attwidth><atprecis Sync="TRUE">18</atprecis><attscale Sync="TRUE">6</attscale></attr><attr><attrlabl Sync="TRUE">PER25K_L_1</attrlabl><attalias Sync="TRUE">PER25K_L_1</attalias><attrtype Sync="TRUE">Double</attrtype><attwidth Sync="TRUE">19</attwidth><atprecis Sync="TRUE">18</atprecis><attscale Sync="TRUE">6</attscale></attr><attr><attrlabl Sync="TRUE">P_PUBTRA_1</attrlabl><attalias Sync="TRUE">P_PUBTRA_1</attalias><attrtype Sync="TRUE">Double</attrtype><attwidth Sync="TRUE">19</attwidth><atprecis Sync="TRUE">18</atprecis><attscale Sync="TRUE">6</attscale></attr><attr><attrlabl Sync="TRUE">P_PUB_BK_1</attrlabl><attalias Sync="TRUE">P_PUB_BK_1</attalias><attrtype Sync="TRUE">Double</attrtype><attwidth Sync="TRUE">19</attwidth><atprecis Sync="TRUE">18</atprecis><attscale Sync="TRUE">6</attscale></attr><attr><attrlabl Sync="TRUE">P_RENTOCC2</attrlabl><attalias Sync="TRUE">P_RENTOCC2</attalias><attrtype Sync="TRUE">Double</attrtype><attwidth Sync="TRUE">19</attwidth><atprecis Sync="TRUE">18</atprecis><attscale Sync="TRUE">6</attscale></attr><attr><attrlabl Sync="TRUE">TAS2</attrlabl><attalias Sync="TRUE">TAS2</attalias><attrtype Sync="TRUE">String</attrtype><attwidth Sync="TRUE">254</attwidth><atprecis Sync="TRUE">0</atprecis><attscale Sync="TRUE">0</attscale></attr><attr><attrlabl Sync="TRUE">TCI2</attrlabl><attalias Sync="TRUE">TCI2</attalias><attrtype Sync="TRUE">String</attrtype><attwidth Sync="TRUE">254</attwidth><atprecis Sync="TRUE">0</atprecis><attscale Sync="TRUE">0</attscale></attr><attr><attrlabl Sync="TRUE">COM_SCORE2</attrlabl><attalias Sync="TRUE">COM_SCORE2</attalias><attrtype Sync="TRUE">String</attrtype><attwidth Sync="TRUE">254</attwidth><atprecis Sync="TRUE">0</atprecis><attscale Sync="TRUE">0</attscale></attr><attr><attrlabl Sync="TRUE">SIMPS_RA_1</attrlabl><attalias Sync="TRUE">SIMPS_RA_1</attalias><attrtype Sync="TRUE">Double</attrtype><attwidth Sync="TRUE">19</attwidth><atprecis Sync="TRUE">18</atprecis><attscale Sync="TRUE">6</attscale></attr><attr><attrlabl Sync="TRUE">P_HH_NOC_1</attrlabl><attalias Sync="TRUE">P_HH_NOC_1</attalias><attrtype Sync="TRUE">Double</attrtype><attwidth Sync="TRUE">19</attwidth><atprecis Sync="TRUE">18</atprecis><attscale Sync="TRUE">6</attscale></attr><attr><attrlabl Sync="TRUE">WALKSCORE2</attrlabl><attalias Sync="TRUE">WALKSCORE2</attalias><attrtype Sync="TRUE">Double</attrtype><attwidth Sync="TRUE">19</attwidth><atprecis Sync="TRUE">18</atprecis><attscale Sync="TRUE">6</attscale></attr><attr><attrlabl Sync="TRUE">EMP_GRAV2</attrlabl><attalias Sync="TRUE">EMP_GRAV2</attalias><attrtype Sync="TRUE">Double</attrtype><attwidth Sync="TRUE">19</attwidth><atprecis Sync="TRUE">18</atprecis><attscale Sync="TRUE">6</attscale></attr><attr><attrlabl Sync="TRUE">SIMPS_IN_1</attrlabl><attalias Sync="TRUE">SIMPS_IN_1</attalias><attrtype Sync="TRUE">Double</attrtype><attwidth Sync="TRUE">19</attwidth><atprecis Sync="TRUE">18</atprecis><attscale Sync="TRUE">6</attscale></attr><attr><attrlabl Sync="TRUE">ID_OOI3</attrlabl><attalias Sync="TRUE">ID_OOI3</attalias><attrtype Sync="TRUE">Double</attrtype><attwidth Sync="TRUE">19</attwidth><atprecis Sync="TRUE">18</atprecis><attscale Sync="TRUE">6</attscale></attr><attr><attrlabl Sync="TRUE">LINE3</attrlabl><attalias Sync="TRUE">LINE3</attalias><attrtype Sync="TRUE">String</attrtype><attwidth Sync="TRUE">254</attwidth><atprecis Sync="TRUE">0</atprecis><attscale Sync="TRUE">0</attscale></attr><attr><attrlabl Sync="TRUE">STAT_NAM3</attrlabl><attalias Sync="TRUE">STAT_NAM3</attalias><attrtype Sync="TRUE">String</attrtype><attwidth Sync="TRUE">254</attwidth><atprecis Sync="TRUE">0</atprecis><attscale Sync="TRUE">0</attscale></attr><attr><attrlabl Sync="TRUE">Latitude3</attrlabl><attalias Sync="TRUE">Latitude3</attalias><attrtype Sync="TRUE">Double</attrtype><attwidth Sync="TRUE">19</attwidth><atprecis Sync="TRUE">18</atprecis><attscale Sync="TRUE">6</attscale></attr><attr><attrlabl Sync="TRUE">Longitude3</attrlabl><attalias Sync="TRUE">Longitude3</attalias><attrtype Sync="TRUE">Double</attrtype><attwidth Sync="TRUE">19</attwidth><atprecis Sync="TRUE">18</atprecis><attscale Sync="TRUE">6</attscale></attr><attr><attrlabl Sync="TRUE">HH_ACRE3</attrlabl><attalias Sync="TRUE">HH_ACRE3</attalias><attrtype Sync="TRUE">Double</attrtype><attwidth Sync="TRUE">19</attwidth><atprecis Sync="TRUE">18</atprecis><attscale Sync="TRUE">6</attscale></attr><attr><attrlabl Sync="TRUE">RTHTCI3</attrlabl><attalias Sync="TRUE">RTHTCI3</attalias><attrtype Sync="TRUE">Double</attrtype><attwidth Sync="TRUE">19</attwidth><atprecis Sync="TRUE">18</atprecis><attscale Sync="TRUE">6</attscale></attr><attr><attrlabl Sync="TRUE">PER25K_L_2</attrlabl><attalias Sync="TRUE">PER25K_L_2</attalias><attrtype Sync="TRUE">Double</attrtype><attwidth Sync="TRUE">19</attwidth><atprecis Sync="TRUE">18</atprecis><attscale Sync="TRUE">6</attscale></attr><attr><attrlabl Sync="TRUE">P_PUBTRA_2</attrlabl><attalias Sync="TRUE">P_PUBTRA_2</attalias><attrtype Sync="TRUE">Double</attrtype><attwidth Sync="TRUE">19</attwidth><atprecis Sync="TRUE">18</atprecis><attscale Sync="TRUE">6</attscale></attr><attr><attrlabl Sync="TRUE">P_PUB_BK_2</attrlabl><attalias Sync="TRUE">P_PUB_BK_2</attalias><attrtype Sync="TRUE">Double</attrtype><attwidth Sync="TRUE">19</attwidth><atprecis Sync="TRUE">18</atprecis><attscale Sync="TRUE">6</attscale></attr><attr><attrlabl Sync="TRUE">P_RENTOCC3</attrlabl><attalias Sync="TRUE">P_RENTOCC3</attalias><attrtype Sync="TRUE">Double</attrtype><attwidth Sync="TRUE">19</attwidth><atprecis Sync="TRUE">18</atprecis><attscale Sync="TRUE">6</attscale></attr><attr><attrlabl Sync="TRUE">TAS3</attrlabl><attalias Sync="TRUE">TAS3</attalias><attrtype Sync="TRUE">String</attrtype><attwidth Sync="TRUE">254</attwidth><atprecis Sync="TRUE">0</atprecis><attscale Sync="TRUE">0</attscale></attr><attr><attrlabl Sync="TRUE">TCI3</attrlabl><attalias Sync="TRUE">TCI3</attalias><attrtype Sync="TRUE">String</attrtype><attwidth Sync="TRUE">254</attwidth><atprecis Sync="TRUE">0</atprecis><attscale Sync="TRUE">0</attscale></attr><attr><attrlabl Sync="TRUE">COM_SCORE3</attrlabl><attalias Sync="TRUE">COM_SCORE3</attalias><attrtype Sync="TRUE">String</attrtype><attwidth Sync="TRUE">254</attwidth><atprecis Sync="TRUE">0</atprecis><attscale Sync="TRUE">0</attscale></attr><attr><attrlabl Sync="TRUE">SIMPS_RA_2</attrlabl><attalias Sync="TRUE">SIMPS_RA_2</attalias><attrtype Sync="TRUE">Double</attrtype><attwidth Sync="TRUE">19</attwidth><atprecis Sync="TRUE">18</atprecis><attscale Sync="TRUE">6</attscale></attr><attr><attrlabl Sync="TRUE">P_HH_NOC_2</attrlabl><attalias Sync="TRUE">P_HH_NOC_2</attalias><attrtype Sync="TRUE">Double</attrtype><attwidth Sync="TRUE">19</attwidth><atprecis Sync="TRUE">18</atprecis><attscale Sync="TRUE">6</attscale></attr><attr><attrlabl Sync="TRUE">WALKSCORE3</attrlabl><attalias Sync="TRUE">WALKSCORE3</attalias><attrtype Sync="TRUE">Double</attrtype><attwidth Sync="TRUE">19</attwidth><atprecis Sync="TRUE">18</atprecis><attscale Sync="TRUE">6</attscale></attr><attr><attrlabl Sync="TRUE">EMP_GRAV3</attrlabl><attalias Sync="TRUE">EMP_GRAV3</attalias><attrtype Sync="TRUE">Double</attrtype><attwidth Sync="TRUE">19</attwidth><atprecis Sync="TRUE">18</atprecis><attscale Sync="TRUE">6</attscale></attr><attr><attrlabl Sync="TRUE">SIMPS_IN_2</attrlabl><attalias Sync="TRUE">SIMPS_IN_2</attalias><attrtype Sync="TRUE">Double</attrtype><attwidth Sync="TRUE">19</attwidth><atprecis Sync="TRUE">18</atprecis><attscale Sync="TRUE">6</attscale></attr><attr><attrlabl Sync="TRUE">ID_OOI4</attrlabl><attalias Sync="TRUE">ID_OOI4</attalias><attrtype Sync="TRUE">Double</attrtype><attwidth Sync="TRUE">19</attwidth><atprecis Sync="TRUE">18</atprecis><attscale Sync="TRUE">6</attscale></attr><attr><attrlabl Sync="TRUE">LINE4</attrlabl><attalias Sync="TRUE">LINE4</attalias><attrtype Sync="TRUE">String</attrtype><attwidth Sync="TRUE">254</attwidth><atprecis Sync="TRUE">0</atprecis><attscale Sync="TRUE">0</attscale></attr><attr><attrlabl Sync="TRUE">STAT_NAM4</attrlabl><attalias Sync="TRUE">STAT_NAM4</attalias><attrtype Sync="TRUE">String</attrtype><attwidth Sync="TRUE">254</attwidth><atprecis Sync="TRUE">0</atprecis><attscale Sync="TRUE">0</attscale></attr><attr><attrlabl Sync="TRUE">Latitude4</attrlabl><attalias Sync="TRUE">Latitude4</attalias><attrtype Sync="TRUE">Double</attrtype><attwidth Sync="TRUE">19</attwidth><atprecis Sync="TRUE">18</atprecis><attscale Sync="TRUE">6</attscale></attr><attr><attrlabl Sync="TRUE">Longitude4</attrlabl><attalias Sync="TRUE">Longitude4</attalias><attrtype Sync="TRUE">Double</attrtype><attwidth Sync="TRUE">19</attwidth><atprecis Sync="TRUE">18</atprecis><attscale Sync="TRUE">6</attscale></attr><attr><attrlabl Sync="TRUE">HH_ACRE4</attrlabl><attalias Sync="TRUE">HH_ACRE4</attalias><attrtype Sync="TRUE">Double</attrtype><attwidth Sync="TRUE">19</attwidth><atprecis Sync="TRUE">18</atprecis><attscale Sync="TRUE">6</attscale></attr><attr><attrlabl Sync="TRUE">RTHTCI4</attrlabl><attalias Sync="TRUE">RTHTCI4</attalias><attrtype Sync="TRUE">Double</attrtype><attwidth Sync="TRUE">19</attwidth><atprecis Sync="TRUE">18</atprecis><attscale Sync="TRUE">6</attscale></attr><attr><attrlabl Sync="TRUE">PER25K_L_3</attrlabl><attalias Sync="TRUE">PER25K_L_3</attalias><attrtype Sync="TRUE">Double</attrtype><attwidth Sync="TRUE">19</attwidth><atprecis Sync="TRUE">18</atprecis><attscale Sync="TRUE">6</attscale></attr><attr><attrlabl Sync="TRUE">P_PUBTRA_3</attrlabl><attalias Sync="TRUE">P_PUBTRA_3</attalias><attrtype Sync="TRUE">Double</attrtype><attwidth Sync="TRUE">19</attwidth><atprecis Sync="TRUE">18</atprecis><attscale Sync="TRUE">6</attscale></attr><attr><attrlabl Sync="TRUE">P_PUB_BK_3</attrlabl><attalias Sync="TRUE">P_PUB_BK_3</attalias><attrtype Sync="TRUE">Double</attrtype><attwidth Sync="TRUE">19</attwidth><atprecis Sync="TRUE">18</atprecis><attscale Sync="TRUE">6</attscale></attr><attr><attrlabl Sync="TRUE">P_RENTOCC4</attrlabl><attalias Sync="TRUE">P_RENTOCC4</attalias><attrtype Sync="TRUE">Double</attrtype><attwidth Sync="TRUE">19</attwidth><atprecis Sync="TRUE">18</atprecis><attscale Sync="TRUE">6</attscale></attr><attr><attrlabl Sync="TRUE">TAS4</attrlabl><attalias Sync="TRUE">TAS4</attalias><attrtype Sync="TRUE">Double</attrtype><attwidth Sync="TRUE">19</attwidth><atprecis Sync="TRUE">18</atprecis><attscale Sync="TRUE">6</attscale></attr><attr><attrlabl Sync="TRUE">TCI4</attrlabl><attalias Sync="TRUE">TCI4</attalias><attrtype Sync="TRUE">Double</attrtype><attwidth Sync="TRUE">19</attwidth><atprecis Sync="TRUE">18</atprecis><attscale Sync="TRUE">6</attscale></attr><attr><attrlabl Sync="TRUE">COM_SCORE4</attrlabl><attalias Sync="TRUE">COM_SCORE4</attalias><attrtype Sync="TRUE">Double</attrtype><attwidth Sync="TRUE">19</attwidth><atprecis Sync="TRUE">18</atprecis><attscale Sync="TRUE">6</attscale></attr><attr><attrlabl Sync="TRUE">SIMPS_RA_3</attrlabl><attalias Sync="TRUE">SIMPS_RA_3</attalias><attrtype Sync="TRUE">Double</attrtype><attwidth Sync="TRUE">19</attwidth><atprecis Sync="TRUE">18</atprecis><attscale Sync="TRUE">6</attscale></attr><attr><attrlabl Sync="TRUE">P_HH_NOC_3</attrlabl><attalias Sync="TRUE">P_HH_NOC_3</attalias><attrtype Sync="TRUE">Double</attrtype><attwidth Sync="TRUE">19</attwidth><atprecis Sync="TRUE">18</atprecis><attscale Sync="TRUE">6</attscale></attr><attr><attrlabl Sync="TRUE">WALKSCORE4</attrlabl><attalias Sync="TRUE">WALKSCORE4</attalias><attrtype Sync="TRUE">Double</attrtype><attwidth Sync="TRUE">19</attwidth><atprecis Sync="TRUE">18</atprecis><attscale Sync="TRUE">6</attscale></attr><attr><attrlabl Sync="TRUE">EMP_GRAV4</attrlabl><attalias Sync="TRUE">EMP_GRAV4</attalias><attrtype Sync="TRUE">Double</attrtype><attwidth Sync="TRUE">19</attwidth><atprecis Sync="TRUE">18</atprecis><attscale Sync="TRUE">6</attscale></attr><attr><attrlabl Sync="TRUE">SIMPS_IN_3</attrlabl><attalias Sync="TRUE">SIMPS_IN_3</attalias><attrtype Sync="TRUE">Double</attrtype><attwidth Sync="TRUE">19</attwidth><atprecis Sync="TRUE">18</atprecis><attscale Sync="TRUE">6</attscale></attr><attr><attrlabl Sync="TRUE">BUFF_DIST</attrlabl><attalias Sync="TRUE">BUFF_DIST</attalias><attrtype Sync="TRUE">Double</attrtype><attwidth Sync="TRUE">19</attwidth><atprecis Sync="TRUE">0</atprecis><attscale Sync="TRUE">0</attscale></attr><attr><attrlabl Sync="TRUE">ORIG_FID</attrlabl><attalias Sync="TRUE">ORIG_FID</attalias><attrtype Sync="TRUE">Integer</attrtype><attwidth Sync="TRUE">9</attwidth><atprecis Sync="TRUE">9</atprecis><attscale Sync="TRUE">0</attscale></attr><attr><attrlabl Sync="TRUE">OV_AREA</attrlabl><attalias Sync="TRUE">OV_AREA</attalias><attrtype Sync="TRUE">Double</attrtype><attwidth Sync="TRUE">19</attwidth><atprecis Sync="TRUE">0</atprecis><attscale Sync="TRUE">0</attscale></attr><attr><attrlabl Sync="TRUE">BOSTON</attrlabl><attalias Sync="TRUE">BOSTON</attalias><attrtype Sync="TRUE">SmallInteger</attrtype><attwidth Sync="TRUE">4</attwidth><atprecis Sync="TRUE">4</atprecis><attscale Sync="TRUE">0</attscale></attr></detailed></eainfo><mdDateSt Sync="TRUE">20130606</mdDateSt></metadata>
